station_id,num_bikes_available,num_ebikes_available,num_bikes_disabled,num_docks_available,num_docks_disabled,is_installed,is_renting,is_returning,capacity,percent_filled,time
74,4,0,1,22,0,1,1,1,27,0.14814814814814814,2018-04-30T16:09:35Z
3,22,0,4,9,0,1,1,1,35,0.6285714285714286,2018-04-30T16:13:23Z
4,2,0,4,29,0,1,1,1,35,0.05714285714285714,2018-04-30T15:35:07Z
5,27,0,1,7,0,1,1,1,35,0.7714285714285715,2018-04-30T16:12:42Z
6,17,0,5,1,0,1,1,1,23,0.7391304347826086,2018-04-30T16:13:51Z
8,18,2,3,2,0,1,1,1,23,0.782608695652174,2018-04-30T16:15:05Z
9,17,1,2,0,0,1,1,1,19,0.8947368421052632,2018-04-30T16:13:09Z
10,25,1,0,6,0,1,1,1,31,0.8064516129032258,2018-04-30T16:11:08Z
11,20,2,2,13,0,1,1,1,35,0.5714285714285714,2018-04-30T16:10:34Z
13,17,0,0,2,0,1,1,1,19,0.8947368421052632,2018-04-30T16:13:03Z
14,24,2,3,4,0,1,1,1,31,0.7741935483870968,2018-04-30T16:12:53Z
15,7,0,3,28,0,1,1,1,38,0.18421052631578946,2018-04-30T16:15:42Z
16,9,1,2,12,0,1,1,1,23,0.391304347826087,2018-04-30T16:13:46Z
17,1,0,0,26,0,1,1,1,27,0.037037037037037035,2018-04-30T16:10:33Z
19,28,2,3,4,0,1,1,1,35,0.8,2018-04-30T16:16:05Z
20,14,2,2,7,0,1,1,1,23,0.6086956521739131,2018-04-30T16:14:33Z
21,33,0,4,2,0,1,1,1,39,0.8461538461538461,2018-04-30T16:11:26Z
22,1,0,1,25,0,1,1,1,27,0.037037037037037035,2018-04-30T16:14:38Z
23,14,0,2,7,0,1,1,1,23,0.6086956521739131,2018-04-30T16:11:45Z
24,17,2,1,1,0,1,1,1,19,0.8947368421052632,2018-04-30T16:08:10Z
25,11,0,4,4,0,1,1,1,19,0.5789473684210527,2018-04-30T16:12:34Z
26,19,0,1,3,0,1,1,1,23,0.8260869565217391,2018-04-30T16:15:33Z
27,2,0,0,17,0,1,1,1,19,0.10526315789473684,2018-04-30T16:15:06Z
28,15,0,0,4,0,1,1,1,19,0.7894736842105263,2018-04-30T16:13:54Z
29,6,0,3,18,0,1,1,1,27,0.2222222222222222,2018-04-30T16:11:14Z
30,0,0,2,17,0,1,1,1,19,0,2018-04-30T15:57:52Z
31,2,0,4,21,0,1,1,1,27,0.07407407407407407,2018-04-30T16:14:21Z
33,4,0,0,19,0,1,1,1,23,0.17391304347826086,2018-04-30T16:05:40Z
34,12,0,0,11,0,1,1,1,23,0.5217391304347826,2018-04-30T15:24:18Z
36,12,1,2,17,0,1,1,1,31,0.3870967741935484,2018-04-30T16:07:47Z
37,35,5,2,6,0,1,1,1,43,0.813953488372093,2018-04-30T16:08:03Z
39,3,0,0,24,0,1,1,1,27,0.1111111111111111,2018-04-30T16:13:42Z
41,11,0,0,20,0,1,1,1,31,0.3548387096774194,2018-04-30T16:13:59Z
42,11,0,0,8,0,1,1,1,19,0.5789473684210527,2018-04-30T16:03:37Z
43,5,0,0,26,0,1,1,1,31,0.16129032258064516,2018-04-30T16:08:32Z
44,17,2,1,13,0,1,1,1,31,0.5483870967741935,2018-04-30T16:15:45Z
45,15,0,3,9,0,1,1,1,27,0.5555555555555556,2018-04-30T16:12:59Z
47,15,1,1,15,0,1,1,1,31,0.4838709677419355,2018-04-30T16:02:45Z
49,19,8,0,11,0,1,1,1,30,0.6333333333333333,2018-04-30T16:15:41Z
50,23,2,3,1,0,1,1,1,27,0.8518518518518519,2018-04-30T16:16:06Z
52,0,0,2,25,0,1,1,1,27,0,2018-04-30T15:42:36Z
53,4,0,1,22,0,1,1,1,27,0.14814814814814814,2018-04-30T16:04:55Z
55,6,0,3,18,0,1,1,1,27,0.2222222222222222,2018-04-30T15:54:43Z
56,0,0,3,24,0,1,1,1,27,0,2018-04-30T15:35:56Z
58,14,0,4,13,0,1,1,1,31,0.45161290322580644,2018-04-30T16:15:07Z
59,24,0,0,3,0,1,1,1,27,0.8888888888888888,2018-04-30T16:15:45Z
60,18,0,0,13,0,1,1,1,31,0.5806451612903226,2018-04-30T16:11:35Z
61,15,1,1,11,0,1,1,1,27,0.5555555555555556,2018-04-30T16:14:07Z
62,10,0,2,3,0,1,1,1,15,0.6666666666666666,2018-04-30T16:09:38Z
63,15,3,1,3,0,1,1,1,19,0.7894736842105263,2018-04-30T16:11:50Z
64,27,3,0,0,0,1,1,1,27,1,2018-04-30T16:16:09Z
66,36,1,3,0,0,1,1,1,39,0.9230769230769231,2018-04-30T16:10:00Z
67,1,1,0,22,0,1,1,1,23,0.043478260869565216,2018-04-30T16:13:12Z
70,0,0,3,24,0,1,1,1,27,0,2018-04-30T15:37:12Z
71,7,0,1,19,0,1,1,1,27,0.25925925925925924,2018-04-30T16:14:36Z
72,2,0,1,24,0,1,1,1,27,0.07407407407407407,2018-04-30T16:04:15Z
73,0,0,2,25,0,1,1,1,27,0,2018-04-30T15:49:08Z
75,2,0,5,28,0,1,1,1,35,0.05714285714285714,2018-04-30T15:59:12Z
76,0,0,4,15,0,1,1,1,19,0,2018-04-30T16:15:08Z
77,15,0,3,1,0,1,1,1,19,0.7894736842105263,2018-04-30T16:14:39Z
78,10,0,1,16,0,1,1,1,27,0.37037037037037035,2018-04-30T16:00:02Z
79,23,0,0,0,0,1,1,1,23,1,2018-04-30T15:59:20Z
80,22,0,1,8,0,1,1,1,31,0.7096774193548387,2018-04-30T16:12:34Z
81,18,6,2,15,0,1,1,1,35,0.5142857142857142,2018-04-30T16:14:41Z
84,0,0,1,18,0,1,1,1,19,0,2018-04-30T16:03:08Z
85,0,0,5,22,0,1,1,1,27,0,2018-04-30T14:47:35Z
86,2,0,2,15,0,1,1,1,19,0.10526315789473684,2018-04-30T16:14:58Z
88,17,4,0,10,0,1,1,1,27,0.6296296296296297,2018-04-30T16:08:36Z
89,12,0,1,14,0,1,1,1,27,0.4444444444444444,2018-04-30T16:04:46Z
90,15,2,4,8,0,1,1,1,27,0.5555555555555556,2018-04-30T16:14:18Z
93,23,3,1,3,0,1,1,1,27,0.8518518518518519,2018-04-30T16:15:51Z
95,0,0,0,13,0,1,1,1,13,0,2018-04-30T15:52:33Z
96,7,0,0,12,0,1,1,1,19,0.3684210526315789,2018-04-30T16:13:00Z
97,3,0,0,16,0,1,1,1,19,0.15789473684210525,2018-04-30T16:03:40Z
98,6,0,2,15,0,1,1,1,23,0.2608695652173913,2018-04-30T16:14:45Z
99,1,0,1,17,0,1,1,1,19,0.05263157894736842,2018-04-30T15:49:45Z
100,5,1,0,14,0,1,1,1,19,0.2631578947368421,2018-04-30T16:03:22Z
101,12,0,0,15,0,1,1,1,27,0.4444444444444444,2018-04-30T16:03:56Z
102,12,0,0,15,0,1,1,1,27,0.4444444444444444,2018-04-30T16:05:11Z
105,0,0,1,18,0,1,1,1,19,0,2018-04-30T16:13:58Z
106,0,0,0,19,0,1,1,1,19,0,2018-04-30T15:22:39Z
107,7,0,3,13,0,1,1,1,23,0.30434782608695654,2018-04-30T16:11:03Z
108,5,0,0,6,0,1,1,1,11,0.45454545454545453,2018-04-30T16:02:25Z
109,0,0,1,22,0,1,1,1,23,0,2018-04-30T15:45:09Z
110,0,0,1,22,0,1,1,1,23,0,2018-04-30T15:51:33Z
112,16,0,0,3,0,1,1,1,19,0.8421052631578947,2018-04-30T16:10:01Z
113,1,0,0,18,0,1,1,1,19,0.05263157894736842,2018-04-30T11:36:12Z
114,4,1,2,13,0,1,1,1,19,0.21052631578947367,2018-04-30T16:15:43Z
115,16,0,1,10,0,1,1,1,27,0.5925925925925926,2018-04-30T15:45:41Z
116,9,0,2,20,0,1,1,1,31,0.2903225806451613,2018-04-30T16:15:08Z
118,0,0,3,16,0,1,1,1,19,0,2018-04-30T14:32:16Z
119,0,0,1,14,0,1,1,1,15,0,2018-04-30T15:16:56Z
120,16,0,2,9,0,1,1,1,27,0.5925925925925926,2018-04-30T16:12:09Z
121,7,0,3,13,0,1,1,1,23,0.30434782608695654,2018-04-30T16:05:49Z
122,5,0,2,12,0,1,1,1,19,0.2631578947368421,2018-04-30T15:39:18Z
123,16,0,0,3,0,1,1,1,19,0.8421052631578947,2018-04-30T16:11:51Z
124,17,0,1,1,0,1,1,1,19,0.8947368421052632,2018-04-30T16:08:27Z
125,2,0,0,13,0,1,1,1,15,0.13333333333333333,2018-04-30T16:07:54Z
126,14,0,5,12,0,1,1,1,31,0.45161290322580644,2018-04-30T16:15:23Z
127,8,0,3,12,0,1,1,1,23,0.34782608695652173,2018-04-30T16:12:52Z
129,1,1,0,18,0,1,1,1,19,0.05263157894736842,2018-04-30T16:04:19Z
130,27,1,0,4,0,1,1,1,31,0.8709677419354839,2018-04-30T15:50:07Z
132,0,0,1,18,0,1,1,1,19,0,2018-04-30T15:40:00Z
133,5,0,2,16,0,1,1,1,23,0.21739130434782608,2018-04-30T15:47:47Z
134,14,0,0,9,0,1,1,1,23,0.6086956521739131,2018-04-30T16:06:53Z
137,2,0,4,13,0,1,1,1,19,0.10526315789473684,2018-04-30T15:41:07Z
138,0,0,0,19,0,1,1,1,19,0,2018-04-30T16:04:14Z
139,2,0,6,15,0,1,1,1,23,0.08695652173913043,2018-04-30T15:49:17Z
140,4,0,0,11,0,1,1,1,15,0.26666666666666666,2018-04-30T15:24:18Z
141,2,0,2,15,0,1,1,1,19,0.10526315789473684,2018-04-30T16:11:28Z
144,8,0,2,5,0,1,1,1,15,0.5333333333333333,2018-04-30T16:01:16Z
145,0,0,1,14,0,1,1,1,15,0,2018-04-30T15:42:10Z
146,0,0,0,15,0,1,1,1,15,0,2018-04-30T15:58:30Z
147,2,1,0,12,0,1,1,1,14,0.14285714285714285,2018-04-30T16:11:24Z
223,17,0,1,1,0,1,1,1,19,0.8947368421052632,2018-04-30T16:15:39Z
284,17,2,2,0,0,1,1,1,19,0.8947368421052632,2018-04-30T16:03:51Z
285,8,0,4,15,0,1,1,1,27,0.2962962962962963,2018-04-30T15:55:21Z
321,14,0,1,16,0,1,1,1,31,0.45161290322580644,2018-04-30T15:57:10Z
323,6,0,1,12,0,1,1,1,19,0.3157894736842105,2018-04-30T16:00:06Z
324,2,0,2,23,0,1,1,1,27,0.07407407407407407,2018-04-30T16:09:49Z
336,8,0,0,19,0,1,1,1,27,0.2962962962962963,2018-04-30T15:49:46Z
343,25,2,1,1,0,1,1,1,27,0.9259259259259259,2018-04-30T16:15:26Z
345,7,0,1,19,0,1,1,1,27,0.25925925925925924,2018-04-30T15:38:31Z
74,3,0,1,23,0,1,1,1,27,0.1111111111111111,2018-04-30T16:52:57Z
3,31,1,4,0,0,1,1,1,35,0.8857142857142857,2018-04-30T17:09:04Z
4,2,0,4,29,0,1,1,1,35,0.05714285714285714,2018-04-30T17:19:02Z
5,24,0,1,10,0,1,1,1,35,0.6857142857142857,2018-04-30T17:18:22Z
6,21,6,1,0,1,1,1,1,23,0.9130434782608695,2018-04-30T17:16:12Z
8,20,3,3,0,0,1,1,1,23,0.8695652173913043,2018-04-30T17:21:45Z
9,18,2,1,0,0,1,1,1,19,0.9473684210526315,2018-04-30T16:59:00Z
10,31,1,0,0,0,1,1,1,31,1,2018-04-30T16:52:40Z
11,32,6,3,0,0,1,1,1,35,0.9142857142857143,2018-04-30T17:16:09Z
13,18,1,0,1,0,1,1,1,19,0.9473684210526315,2018-04-30T17:14:30Z
14,27,4,3,1,0,1,1,1,31,0.8709677419354839,2018-04-30T17:24:46Z
15,1,1,3,34,0,1,1,1,38,0.02631578947368421,2018-04-30T17:15:00Z
16,0,0,2,21,0,1,1,1,23,0,2018-04-30T17:02:44Z
17,4,0,0,23,0,1,1,1,27,0.14814814814814814,2018-04-30T17:21:48Z
19,32,1,3,0,0,1,1,1,35,0.9142857142857143,2018-04-30T17:22:33Z
20,18,1,3,2,0,1,1,1,23,0.782608695652174,2018-04-30T17:24:34Z
21,34,0,4,1,0,1,1,1,39,0.8717948717948718,2018-04-30T17:19:00Z
22,6,0,2,19,0,1,1,1,27,0.2222222222222222,2018-04-30T17:15:49Z
23,15,0,4,4,0,1,1,1,23,0.6521739130434783,2018-04-30T17:09:06Z
24,11,0,0,8,0,1,1,1,19,0.5789473684210527,2018-04-30T17:18:18Z
25,13,0,5,1,0,1,1,1,19,0.6842105263157895,2018-04-30T17:13:16Z
26,21,1,1,1,0,1,1,1,23,0.9130434782608695,2018-04-30T17:13:43Z
27,3,1,0,16,0,1,1,1,19,0.15789473684210525,2018-04-30T17:16:28Z
28,15,0,0,4,0,1,1,1,19,0.7894736842105263,2018-04-30T17:12:30Z
29,4,0,3,20,0,1,1,1,27,0.14814814814814814,2018-04-30T16:40:29Z
30,2,0,0,17,0,1,1,1,19,0.10526315789473684,2018-04-30T17:12:01Z
31,1,0,4,22,0,1,1,1,27,0.037037037037037035,2018-04-30T17:15:20Z
33,5,0,0,18,0,1,1,1,23,0.21739130434782608,2018-04-30T17:03:01Z
34,10,0,0,13,0,1,1,1,23,0.43478260869565216,2018-04-30T16:54:19Z
36,28,3,3,0,0,1,1,1,31,0.9032258064516129,2018-04-30T17:19:44Z
37,40,7,3,0,0,1,1,1,43,0.9302325581395349,2018-04-30T17:05:12Z
39,1,0,0,26,0,1,1,1,27,0.037037037037037035,2018-04-30T16:45:40Z
41,3,0,0,28,0,1,1,1,31,0.0967741935483871,2018-04-30T17:24:13Z
42,12,0,0,7,0,1,1,1,19,0.631578947368421,2018-04-30T16:48:01Z
43,0,0,0,31,0,1,1,1,31,0,2018-04-30T17:22:02Z
44,18,0,1,12,0,1,1,1,31,0.5806451612903226,2018-04-30T17:18:09Z
45,19,1,3,5,0,1,1,1,27,0.7037037037037037,2018-04-30T17:21:13Z
47,19,1,1,11,0,1,1,1,31,0.6129032258064516,2018-04-30T17:18:45Z
49,25,9,0,5,0,1,1,1,30,0.8333333333333334,2018-04-30T17:17:20Z
50,24,0,3,0,0,1,1,1,27,0.8888888888888888,2018-04-30T17:24:51Z
52,0,0,2,25,0,1,1,1,27,0,2018-04-30T15:42:36Z
53,3,0,1,23,0,1,1,1,27,0.1111111111111111,2018-04-30T17:08:17Z
55,4,0,3,20,0,1,1,1,27,0.14814814814814814,2018-04-30T16:56:10Z
56,0,0,3,24,0,1,1,1,27,0,2018-04-30T15:35:56Z
58,12,4,6,13,0,1,1,1,31,0.3870967741935484,2018-04-30T17:22:56Z
59,27,0,0,0,0,1,1,1,27,1,2018-04-30T17:21:12Z
60,20,0,0,11,0,1,1,1,31,0.6451612903225806,2018-04-30T17:20:37Z
61,16,1,1,10,0,1,1,1,27,0.5925925925925926,2018-04-30T16:56:48Z
62,11,0,3,1,0,1,1,1,15,0.7333333333333333,2018-04-30T16:48:10Z
63,16,3,2,1,0,1,1,1,19,0.8421052631578947,2018-04-30T17:03:19Z
64,27,3,0,0,0,1,1,1,27,1,2018-04-30T16:34:04Z
66,30,2,4,5,0,1,1,1,39,0.7692307692307693,2018-04-30T17:17:18Z
67,12,0,0,11,0,1,1,1,23,0.5217391304347826,2018-04-30T17:21:55Z
70,1,1,3,23,0,1,1,1,27,0.037037037037037035,2018-04-30T17:00:08Z
71,4,0,1,22,0,1,1,1,27,0.14814814814814814,2018-04-30T16:39:59Z
72,2,1,1,24,0,1,1,1,27,0.07407407407407407,2018-04-30T17:19:07Z
73,0,0,2,25,0,1,1,1,27,0,2018-04-30T15:49:08Z
75,0,0,5,30,0,1,1,1,35,0,2018-04-30T17:13:36Z
76,1,0,4,14,0,1,1,1,19,0.05263157894736842,2018-04-30T17:23:36Z
77,17,1,2,0,0,1,1,1,19,0.8947368421052632,2018-04-30T16:57:16Z
78,14,0,1,12,0,1,1,1,27,0.5185185185185185,2018-04-30T17:19:22Z
79,23,0,0,0,0,1,1,1,23,1,2018-04-30T17:18:52Z
80,17,0,1,13,0,1,1,1,31,0.5483870967741935,2018-04-30T17:14:18Z
81,25,0,4,6,0,1,1,1,35,0.7142857142857143,2018-04-30T17:20:36Z
84,0,0,1,18,0,1,1,1,19,0,2018-04-30T16:03:08Z
85,0,0,5,22,0,1,1,1,27,0,2018-04-30T14:47:35Z
86,0,0,2,17,0,1,1,1,19,0,2018-04-30T16:48:09Z
88,24,3,0,3,0,1,1,1,27,0.8888888888888888,2018-04-30T17:11:17Z
89,20,0,0,7,0,1,1,1,27,0.7407407407407407,2018-04-30T17:13:10Z
90,23,0,4,0,0,1,1,1,27,0.8518518518518519,2018-04-30T17:16:21Z
93,24,0,2,1,0,1,1,1,27,0.8888888888888888,2018-04-30T17:21:47Z
95,0,0,0,13,0,1,1,1,13,0,2018-04-30T15:52:33Z
96,2,0,1,16,0,1,1,1,19,0.10526315789473684,2018-04-30T17:05:24Z
97,1,0,0,18,0,1,1,1,19,0.05263157894736842,2018-04-30T17:21:45Z
98,2,0,2,19,0,1,1,1,23,0.08695652173913043,2018-04-30T17:08:42Z
99,1,0,1,17,0,1,1,1,19,0.05263157894736842,2018-04-30T15:49:45Z
100,7,0,0,12,0,1,1,1,19,0.3684210526315789,2018-04-30T17:20:59Z
101,3,0,0,24,0,1,1,1,27,0.1111111111111111,2018-04-30T17:22:41Z
102,14,0,0,13,0,1,1,1,27,0.5185185185185185,2018-04-30T16:57:45Z
105,0,0,1,18,0,1,1,1,19,0,2018-04-30T16:13:58Z
106,0,0,0,19,0,1,1,1,19,0,2018-04-30T15:22:39Z
107,2,0,3,18,0,1,1,1,23,0.08695652173913043,2018-04-30T17:23:14Z
108,2,0,0,9,0,1,1,1,11,0.18181818181818182,2018-04-30T17:22:28Z
109,0,0,1,22,0,1,1,1,23,0,2018-04-30T15:45:09Z
110,2,0,1,20,0,1,1,1,23,0.08695652173913043,2018-04-30T17:24:21Z
112,6,0,0,13,0,1,1,1,19,0.3157894736842105,2018-04-30T17:23:30Z
113,0,0,0,19,0,1,1,1,19,0,2018-04-30T16:20:08Z
114,2,0,2,15,0,1,1,1,19,0.10526315789473684,2018-04-30T17:11:41Z
115,14,0,1,12,0,1,1,1,27,0.5185185185185185,2018-04-30T16:59:58Z
116,8,0,2,21,0,1,1,1,31,0.25806451612903225,2018-04-30T17:23:42Z
118,0,0,3,16,0,1,1,1,19,0,2018-04-30T14:32:16Z
119,0,0,1,14,0,1,1,1,15,0,2018-04-30T15:16:56Z
120,13,0,2,12,0,1,1,1,27,0.48148148148148145,2018-04-30T17:20:34Z
121,6,0,3,14,0,1,1,1,23,0.2608695652173913,2018-04-30T16:35:56Z
122,3,0,2,14,0,1,1,1,19,0.15789473684210525,2018-04-30T17:11:48Z
123,18,0,0,1,0,1,1,1,19,0.9473684210526315,2018-04-30T17:11:41Z
124,18,0,1,0,0,1,1,1,19,0.9473684210526315,2018-04-30T16:51:31Z
125,0,0,0,15,0,1,1,1,15,0,2018-04-30T17:09:43Z
126,10,0,5,16,0,1,1,1,31,0.3225806451612903,2018-04-30T16:58:57Z
127,6,0,3,14,0,1,1,1,23,0.2608695652173913,2018-04-30T17:12:27Z
129,0,0,0,19,0,1,1,1,19,0,2018-04-30T16:33:27Z
130,26,1,0,5,0,1,1,1,31,0.8387096774193549,2018-04-30T17:15:44Z
132,6,0,1,12,0,1,1,1,19,0.3157894736842105,2018-04-30T16:40:45Z
133,2,0,2,19,0,1,1,1,23,0.08695652173913043,2018-04-30T16:29:27Z
134,14,0,0,9,0,1,1,1,23,0.6086956521739131,2018-04-30T17:12:40Z
137,1,0,4,14,0,1,1,1,19,0.05263157894736842,2018-04-30T17:08:10Z
138,5,0,0,14,0,1,1,1,19,0.2631578947368421,2018-04-30T17:22:01Z
139,0,0,6,17,0,1,1,1,23,0,2018-04-30T17:14:57Z
140,3,0,0,12,0,1,1,1,15,0.2,2018-04-30T17:09:42Z
141,1,0,2,16,0,1,1,1,19,0.05263157894736842,2018-04-30T16:51:16Z
144,6,0,2,7,0,1,1,1,15,0.4,2018-04-30T17:04:02Z
145,0,0,1,14,0,1,1,1,15,0,2018-04-30T15:42:10Z
146,0,0,0,15,0,1,1,1,15,0,2018-04-30T15:58:30Z
147,0,0,0,14,0,1,1,1,14,0,2018-04-30T16:30:21Z
223,13,0,1,5,0,1,1,1,19,0.6842105263157895,2018-04-30T17:11:19Z
284,17,2,2,0,0,1,1,1,19,0.8947368421052632,2018-04-30T16:03:51Z
285,4,0,4,19,0,1,1,1,27,0.14814814814814814,2018-04-30T17:08:58Z
321,16,0,1,14,0,1,1,1,31,0.5161290322580645,2018-04-30T17:17:09Z
323,7,0,1,11,0,1,1,1,19,0.3684210526315789,2018-04-30T17:12:13Z
324,0,0,2,25,0,1,1,1,27,0,2018-04-30T17:13:57Z
336,8,0,0,19,0,1,1,1,27,0.2962962962962963,2018-04-30T15:49:46Z
343,26,2,1,0,0,1,1,1,27,0.9629629629629629,2018-04-30T16:35:12Z
345,6,0,1,20,0,1,1,1,27,0.2222222222222222,2018-04-30T17:15:27Z
74,3,0,1,23,0,1,1,1,27,0.1111111111111111,2018-04-30T16:52:57Z
3,30,0,4,1,0,1,1,1,35,0.8571428571428571,2018-04-30T17:25:43Z
4,2,0,4,29,0,1,1,1,35,0.05714285714285714,2018-04-30T17:19:02Z
5,24,0,1,10,0,1,1,1,35,0.6857142857142857,2018-04-30T17:18:22Z
6,21,6,1,0,1,1,1,1,23,0.9130434782608695,2018-04-30T17:16:12Z
8,20,3,3,0,0,1,1,1,23,0.8695652173913043,2018-04-30T17:21:45Z
9,18,2,1,0,0,1,1,1,19,0.9473684210526315,2018-04-30T16:59:00Z
10,31,1,0,0,0,1,1,1,31,1,2018-04-30T16:52:40Z
11,32,6,3,0,0,1,1,1,35,0.9142857142857143,2018-04-30T17:16:09Z
13,17,0,0,2,0,1,1,1,19,0.8947368421052632,2018-04-30T17:28:01Z
14,27,4,3,1,0,1,1,1,31,0.8709677419354839,2018-04-30T17:24:46Z
15,1,1,3,34,0,1,1,1,38,0.02631578947368421,2018-04-30T17:32:30Z
16,2,0,2,19,0,1,1,1,23,0.08695652173913043,2018-04-30T17:31:03Z
17,3,0,0,24,0,1,1,1,27,0.1111111111111111,2018-04-30T17:25:00Z
19,32,1,3,0,0,1,1,1,35,0.9142857142857143,2018-04-30T17:22:33Z
20,18,2,3,2,0,1,1,1,23,0.782608695652174,2018-04-30T17:31:18Z
21,34,0,4,1,0,1,1,1,39,0.8717948717948718,2018-04-30T17:30:45Z
22,4,0,2,21,0,1,1,1,27,0.14814814814814814,2018-04-30T17:26:37Z
23,16,0,4,3,0,1,1,1,23,0.6956521739130435,2018-04-30T17:28:03Z
24,11,0,0,8,0,1,1,1,19,0.5789473684210527,2018-04-30T17:18:18Z
25,13,0,5,1,0,1,1,1,19,0.6842105263157895,2018-04-30T17:13:16Z
26,21,1,1,1,0,1,1,1,23,0.9130434782608695,2018-04-30T17:13:43Z
27,2,0,0,17,0,1,1,1,19,0.10526315789473684,2018-04-30T17:28:29Z
28,15,0,0,4,0,1,1,1,19,0.7894736842105263,2018-04-30T17:12:30Z
29,4,0,3,20,0,1,1,1,27,0.14814814814814814,2018-04-30T16:40:29Z
30,1,0,0,18,0,1,1,1,19,0.05263157894736842,2018-04-30T17:31:29Z
31,1,0,4,22,0,1,1,1,27,0.037037037037037035,2018-04-30T17:15:20Z
33,5,0,0,18,0,1,1,1,23,0.21739130434782608,2018-04-30T17:03:01Z
34,10,0,0,13,0,1,1,1,23,0.43478260869565216,2018-04-30T16:54:19Z
36,28,3,3,0,0,1,1,1,31,0.9032258064516129,2018-04-30T17:19:44Z
37,40,7,3,0,0,1,1,1,43,0.9302325581395349,2018-04-30T17:05:12Z
39,1,0,0,26,0,1,1,1,27,0.037037037037037035,2018-04-30T16:45:40Z
41,2,0,0,29,0,1,1,1,31,0.06451612903225806,2018-04-30T17:26:00Z
42,12,0,0,7,0,1,1,1,19,0.631578947368421,2018-04-30T17:26:17Z
43,1,0,0,30,0,1,1,1,31,0.03225806451612903,2018-04-30T17:25:13Z
44,17,0,1,13,0,1,1,1,31,0.5483870967741935,2018-04-30T17:31:05Z
45,19,1,3,5,0,1,1,1,27,0.7037037037037037,2018-04-30T17:21:13Z
47,19,1,2,10,0,1,1,1,31,0.6129032258064516,2018-04-30T17:30:27Z
49,26,9,0,4,0,1,1,1,30,0.8666666666666667,2018-04-30T17:27:05Z
50,24,0,3,0,0,1,1,1,27,0.8888888888888888,2018-04-30T17:24:51Z
52,0,0,2,25,0,1,1,1,27,0,2018-04-30T15:42:36Z
53,3,0,1,23,0,1,1,1,27,0.1111111111111111,2018-04-30T17:08:17Z
55,4,0,3,20,0,1,1,1,27,0.14814814814814814,2018-04-30T16:56:10Z
56,0,0,3,24,0,1,1,1,27,0,2018-04-30T15:35:56Z
58,13,3,6,12,0,1,1,1,31,0.41935483870967744,2018-04-30T17:26:32Z
59,26,0,0,1,0,1,1,1,27,0.9629629629629629,2018-04-30T17:26:04Z
60,20,0,0,11,0,1,1,1,31,0.6451612903225806,2018-04-30T17:20:37Z
61,16,1,1,10,0,1,1,1,27,0.5925925925925926,2018-04-30T16:56:48Z
62,11,0,3,1,0,1,1,1,15,0.7333333333333333,2018-04-30T16:48:10Z
63,17,3,2,0,0,1,1,1,19,0.8947368421052632,2018-04-30T17:32:42Z
64,27,3,0,0,0,1,1,1,27,1,2018-04-30T16:34:04Z
66,30,2,4,5,0,1,1,1,39,0.7692307692307693,2018-04-30T17:17:18Z
67,13,0,0,10,0,1,1,1,23,0.5652173913043478,2018-04-30T17:28:22Z
70,1,1,3,23,0,1,1,1,27,0.037037037037037035,2018-04-30T17:00:08Z
71,4,0,1,22,0,1,1,1,27,0.14814814814814814,2018-04-30T16:39:59Z
72,2,1,1,24,0,1,1,1,27,0.07407407407407407,2018-04-30T17:19:07Z
73,0,0,2,25,0,1,1,1,27,0,2018-04-30T15:49:08Z
75,0,0,5,30,0,1,1,1,35,0,2018-04-30T17:13:36Z
76,1,0,4,14,0,1,1,1,19,0.05263157894736842,2018-04-30T17:23:36Z
77,17,1,2,0,0,1,1,1,19,0.8947368421052632,2018-04-30T16:57:16Z
78,14,0,1,12,0,1,1,1,27,0.5185185185185185,2018-04-30T17:19:22Z
79,23,0,0,0,0,1,1,1,23,1,2018-04-30T17:18:52Z
80,21,1,0,10,0,1,1,1,31,0.6774193548387096,2018-04-30T17:30:06Z
81,27,1,4,4,0,1,1,1,35,0.7714285714285715,2018-04-30T17:27:21Z
84,0,0,1,18,0,1,1,1,19,0,2018-04-30T16:03:08Z
85,0,0,5,22,0,1,1,1,27,0,2018-04-30T14:47:35Z
86,0,0,2,17,0,1,1,1,19,0,2018-04-30T16:48:09Z
88,24,3,0,3,0,1,1,1,27,0.8888888888888888,2018-04-30T17:11:17Z
89,21,1,0,6,0,1,1,1,27,0.7777777777777778,2018-04-30T17:28:16Z
90,22,0,4,1,0,1,1,1,27,0.8148148148148148,2018-04-30T17:29:56Z
93,25,0,2,0,0,1,1,1,27,0.9259259259259259,2018-04-30T17:27:47Z
95,0,0,0,13,0,1,1,1,13,0,2018-04-30T15:52:33Z
96,3,0,1,15,0,1,1,1,19,0.15789473684210525,2018-04-30T17:26:39Z
97,2,0,0,17,0,1,1,1,19,0.10526315789473684,2018-04-30T17:27:56Z
98,2,0,2,19,0,1,1,1,23,0.08695652173913043,2018-04-30T17:08:42Z
99,1,0,1,17,0,1,1,1,19,0.05263157894736842,2018-04-30T15:49:45Z
100,7,0,0,12,0,1,1,1,19,0.3684210526315789,2018-04-30T17:20:59Z
101,1,0,1,25,0,1,1,1,27,0.037037037037037035,2018-04-30T17:32:18Z
102,14,0,0,13,0,1,1,1,27,0.5185185185185185,2018-04-30T16:57:45Z
105,0,0,1,18,0,1,1,1,19,0,2018-04-30T16:13:58Z
106,0,0,0,19,0,1,1,1,19,0,2018-04-30T15:22:39Z
107,2,0,3,18,0,1,1,1,23,0.08695652173913043,2018-04-30T17:23:14Z
108,3,1,0,8,0,1,1,1,11,0.2727272727272727,2018-04-30T17:25:24Z
109,0,0,1,22,0,1,1,1,23,0,2018-04-30T15:45:09Z
110,2,0,1,20,0,1,1,1,23,0.08695652173913043,2018-04-30T17:24:21Z
112,7,0,0,12,0,1,1,1,19,0.3684210526315789,2018-04-30T17:27:32Z
113,0,0,0,19,0,1,1,1,19,0,2018-04-30T16:20:08Z
114,2,0,2,15,0,1,1,1,19,0.10526315789473684,2018-04-30T17:11:41Z
115,14,0,1,12,0,1,1,1,27,0.5185185185185185,2018-04-30T16:59:58Z
116,9,1,2,20,0,1,1,1,31,0.2903225806451613,2018-04-30T17:28:26Z
118,0,0,3,16,0,1,1,1,19,0,2018-04-30T14:32:16Z
119,0,0,1,14,0,1,1,1,15,0,2018-04-30T15:16:56Z
120,13,0,2,12,0,1,1,1,27,0.48148148148148145,2018-04-30T17:20:34Z
121,6,0,3,14,0,1,1,1,23,0.2608695652173913,2018-04-30T16:35:56Z
122,4,1,2,13,0,1,1,1,19,0.21052631578947367,2018-04-30T17:31:03Z
123,18,0,0,1,0,1,1,1,19,0.9473684210526315,2018-04-30T17:11:41Z
124,18,0,1,0,0,1,1,1,19,0.9473684210526315,2018-04-30T16:51:31Z
125,0,0,0,15,0,1,1,1,15,0,2018-04-30T17:09:43Z
126,10,0,5,16,0,1,1,1,31,0.3225806451612903,2018-04-30T16:58:57Z
127,6,0,3,14,0,1,1,1,23,0.2608695652173913,2018-04-30T17:12:27Z
129,0,0,0,19,0,1,1,1,19,0,2018-04-30T16:33:27Z
130,25,0,0,6,0,1,1,1,31,0.8064516129032258,2018-04-30T17:26:10Z
132,6,0,1,12,0,1,1,1,19,0.3157894736842105,2018-04-30T16:40:45Z
133,2,0,2,19,0,1,1,1,23,0.08695652173913043,2018-04-30T16:29:27Z
134,14,0,0,9,0,1,1,1,23,0.6086956521739131,2018-04-30T17:12:40Z
137,0,0,4,15,0,1,1,1,19,0,2018-04-30T17:27:25Z
138,5,0,0,14,0,1,1,1,19,0.2631578947368421,2018-04-30T17:22:01Z
139,0,0,6,17,0,1,1,1,23,0,2018-04-30T17:14:57Z
140,3,0,0,12,0,1,1,1,15,0.2,2018-04-30T17:09:42Z
141,1,0,2,16,0,1,1,1,19,0.05263157894736842,2018-04-30T16:51:16Z
144,5,0,2,8,0,1,1,1,15,0.3333333333333333,2018-04-30T17:30:48Z
145,0,0,1,14,0,1,1,1,15,0,2018-04-30T15:42:10Z
146,0,0,0,15,0,1,1,1,15,0,2018-04-30T15:58:30Z
147,0,0,0,14,0,1,1,1,14,0,2018-04-30T16:30:21Z
223,14,0,1,4,0,1,1,1,19,0.7368421052631579,2018-04-30T17:26:42Z
284,16,1,2,1,0,1,1,1,19,0.8421052631578947,2018-04-30T17:28:08Z
285,4,0,4,19,0,1,1,1,27,0.14814814814814814,2018-04-30T17:08:58Z
321,14,0,1,16,0,1,1,1,31,0.45161290322580644,2018-04-30T17:26:06Z
323,8,1,1,10,0,1,1,1,19,0.42105263157894735,2018-04-30T17:29:00Z
324,1,1,2,24,0,1,1,1,27,0.037037037037037035,2018-04-30T17:32:07Z
336,8,0,0,19,0,1,1,1,27,0.2962962962962963,2018-04-30T15:49:46Z
343,26,2,1,0,0,1,1,1,27,0.9629629629629629,2018-04-30T16:35:12Z
345,6,0,1,20,0,1,1,1,27,0.2222222222222222,2018-04-30T17:15:27Z
74,3,0,1,23,0,1,1,1,27,0.1111111111111111,2018-04-30T16:52:57Z
3,31,1,4,0,0,1,1,1,35,0.8857142857142857,2018-04-30T17:42:46Z
4,2,0,4,29,0,1,1,1,35,0.05714285714285714,2018-04-30T17:19:02Z
5,21,0,1,13,0,1,1,1,35,0.6,2018-04-30T17:43:37Z
6,20,5,1,1,1,1,1,1,23,0.8695652173913043,2018-04-30T17:45:29Z
8,20,3,3,0,0,1,1,1,23,0.8695652173913043,2018-04-30T17:21:45Z
9,18,2,1,0,0,1,1,1,19,0.9473684210526315,2018-04-30T16:59:00Z
10,31,1,0,0,0,1,1,1,31,1,2018-04-30T16:52:40Z
11,32,6,3,0,0,1,1,1,35,0.9142857142857143,2018-04-30T17:40:43Z
13,16,0,0,3,0,1,1,1,19,0.8421052631578947,2018-04-30T17:45:50Z
14,28,4,3,0,0,1,1,1,31,0.9032258064516129,2018-04-30T17:40:22Z
15,1,1,3,34,0,1,1,1,38,0.02631578947368421,2018-04-30T17:32:30Z
16,2,0,2,19,0,1,1,1,23,0.08695652173913043,2018-04-30T17:31:03Z
17,0,0,0,27,0,1,1,1,27,0,2018-04-30T17:45:47Z
19,32,1,3,0,0,1,1,1,35,0.9142857142857143,2018-04-30T17:22:33Z
20,18,2,3,2,0,1,1,1,23,0.782608695652174,2018-04-30T17:31:18Z
21,33,0,4,2,0,1,1,1,39,0.8461538461538461,2018-04-30T17:45:31Z
22,5,1,2,20,0,1,1,1,27,0.18518518518518517,2018-04-30T17:41:40Z
23,18,2,4,1,0,1,1,1,23,0.782608695652174,2018-04-30T17:45:05Z
24,12,0,0,7,0,1,1,1,19,0.631578947368421,2018-04-30T17:44:33Z
25,14,1,5,0,0,1,1,1,19,0.7368421052631579,2018-04-30T17:33:21Z
26,21,1,1,1,0,1,1,1,23,0.9130434782608695,2018-04-30T17:13:43Z
27,2,0,0,17,0,1,1,1,19,0.10526315789473684,2018-04-30T17:28:29Z
28,15,0,0,4,0,1,1,1,19,0.7894736842105263,2018-04-30T17:12:30Z
29,5,0,3,19,0,1,1,1,27,0.18518518518518517,2018-04-30T17:36:55Z
30,1,0,0,18,0,1,1,1,19,0.05263157894736842,2018-04-30T17:31:29Z
31,1,0,4,22,0,1,1,1,27,0.037037037037037035,2018-04-30T17:15:20Z
33,5,0,0,18,0,1,1,1,23,0.21739130434782608,2018-04-30T17:03:01Z
34,10,0,0,13,0,1,1,1,23,0.43478260869565216,2018-04-30T16:54:19Z
36,28,3,3,0,0,1,1,1,31,0.9032258064516129,2018-04-30T17:19:44Z
37,40,7,3,0,0,1,1,1,43,0.9302325581395349,2018-04-30T17:05:12Z
39,1,0,0,26,0,1,1,1,27,0.037037037037037035,2018-04-30T16:45:40Z
41,2,0,0,29,0,1,1,1,31,0.06451612903225806,2018-04-30T17:26:00Z
42,12,0,0,7,0,1,1,1,19,0.631578947368421,2018-04-30T17:35:47Z
43,2,0,0,29,0,1,1,1,31,0.06451612903225806,2018-04-30T17:45:01Z
44,18,0,1,12,0,1,1,1,31,0.5806451612903226,2018-04-30T17:43:24Z
45,19,0,3,5,0,1,1,1,27,0.7037037037037037,2018-04-30T17:39:10Z
47,20,2,2,9,0,1,1,1,31,0.6451612903225806,2018-04-30T17:37:54Z
49,28,9,0,2,0,1,1,1,30,0.9333333333333333,2018-04-30T17:40:59Z
50,23,0,3,1,0,1,1,1,27,0.8518518518518519,2018-04-30T17:39:11Z
52,0,0,2,25,0,1,1,1,27,0,2018-04-30T15:42:36Z
53,3,0,1,23,0,1,1,1,27,0.1111111111111111,2018-04-30T17:08:17Z
55,4,0,3,20,0,1,1,1,27,0.14814814814814814,2018-04-30T16:56:10Z
56,0,0,3,24,0,1,1,1,27,0,2018-04-30T15:35:56Z
58,11,1,6,14,0,1,1,1,31,0.3548387096774194,2018-04-30T17:45:18Z
59,26,0,0,1,0,1,1,1,27,0.9629629629629629,2018-04-30T17:26:04Z
60,21,0,0,10,0,1,1,1,31,0.6774193548387096,2018-04-30T17:34:09Z
61,16,1,1,10,0,1,1,1,27,0.5925925925925926,2018-04-30T16:56:48Z
62,10,0,3,2,0,1,1,1,15,0.6666666666666666,2018-04-30T17:44:58Z
63,17,3,2,0,0,1,1,1,19,0.8947368421052632,2018-04-30T17:32:42Z
64,27,3,0,0,0,1,1,1,27,1,2018-04-30T16:34:04Z
66,31,2,4,4,0,1,1,1,39,0.7948717948717948,2018-04-30T17:34:09Z
67,13,0,0,10,0,1,1,1,23,0.5652173913043478,2018-04-30T17:28:22Z
70,0,0,3,24,0,1,1,1,27,0,2018-04-30T17:37:42Z
71,4,0,1,22,0,1,1,1,27,0.14814814814814814,2018-04-30T16:39:59Z
72,2,1,1,24,0,1,1,1,27,0.07407407407407407,2018-04-30T17:19:07Z
73,0,0,2,25,0,1,1,1,27,0,2018-04-30T15:49:08Z
75,0,0,5,30,0,1,1,1,35,0,2018-04-30T17:13:36Z
76,1,0,4,14,0,1,1,1,19,0.05263157894736842,2018-04-30T17:23:36Z
77,17,1,2,0,0,1,1,1,19,0.8947368421052632,2018-04-30T16:57:16Z
78,13,0,1,13,0,1,1,1,27,0.48148148148148145,2018-04-30T17:36:54Z
79,23,0,0,0,0,1,1,1,23,1,2018-04-30T17:18:52Z
80,22,1,0,9,0,1,1,1,31,0.7096774193548387,2018-04-30T17:44:55Z
81,28,2,4,3,0,1,1,1,35,0.8,2018-04-30T17:44:32Z
84,0,0,1,18,0,1,1,1,19,0,2018-04-30T16:03:08Z
85,0,0,5,22,0,1,1,1,27,0,2018-04-30T14:47:35Z
86,0,0,2,17,0,1,1,1,19,0,2018-04-30T16:48:09Z
88,24,3,0,3,0,1,1,1,27,0.8888888888888888,2018-04-30T17:11:17Z
89,20,0,0,7,0,1,1,1,27,0.7407407407407407,2018-04-30T17:33:38Z
90,26,3,1,0,0,1,1,1,27,0.9629629629629629,2018-04-30T17:43:06Z
93,25,0,2,0,0,1,1,1,27,0.9259259259259259,2018-04-30T17:27:47Z
95,0,0,0,13,0,1,1,1,13,0,2018-04-30T15:52:33Z
96,2,0,1,16,0,1,1,1,19,0.10526315789473684,2018-04-30T17:35:38Z
97,2,0,0,17,0,1,1,1,19,0.10526315789473684,2018-04-30T17:27:56Z
98,2,0,2,19,0,1,1,1,23,0.08695652173913043,2018-04-30T17:08:42Z
99,1,0,1,17,0,1,1,1,19,0.05263157894736842,2018-04-30T15:49:45Z
100,7,0,0,12,0,1,1,1,19,0.3684210526315789,2018-04-30T17:44:03Z
101,1,0,1,25,0,1,1,1,27,0.037037037037037035,2018-04-30T17:32:18Z
102,14,0,0,13,0,1,1,1,27,0.5185185185185185,2018-04-30T16:57:45Z
105,0,0,1,18,0,1,1,1,19,0,2018-04-30T16:13:58Z
106,0,0,0,19,0,1,1,1,19,0,2018-04-30T15:22:39Z
107,2,0,3,18,0,1,1,1,23,0.08695652173913043,2018-04-30T17:23:14Z
108,2,0,0,9,0,1,1,1,11,0.18181818181818182,2018-04-30T17:35:26Z
109,1,1,1,21,0,1,1,1,23,0.043478260869565216,2018-04-30T17:37:27Z
110,2,0,1,20,0,1,1,1,23,0.08695652173913043,2018-04-30T17:24:21Z
112,7,0,0,12,0,1,1,1,19,0.3684210526315789,2018-04-30T17:27:32Z
113,0,0,0,19,0,1,1,1,19,0,2018-04-30T16:20:08Z
114,2,0,2,15,0,1,1,1,19,0.10526315789473684,2018-04-30T17:11:41Z
115,14,0,1,12,0,1,1,1,27,0.5185185185185185,2018-04-30T16:59:58Z
116,9,1,2,20,0,1,1,1,31,0.2903225806451613,2018-04-30T17:28:26Z
118,0,0,3,16,0,1,1,1,19,0,2018-04-30T14:32:16Z
119,0,0,1,14,0,1,1,1,15,0,2018-04-30T15:16:56Z
120,15,0,3,9,0,1,1,1,27,0.5555555555555556,2018-04-30T17:36:43Z
121,6,0,3,14,0,1,1,1,23,0.2608695652173913,2018-04-30T16:35:56Z
122,4,1,2,13,0,1,1,1,19,0.21052631578947367,2018-04-30T17:31:03Z
123,19,1,0,0,0,1,1,1,19,1,2018-04-30T17:40:15Z
124,17,0,1,1,0,1,1,1,19,0.8947368421052632,2018-04-30T17:43:57Z
125,0,0,0,15,0,1,1,1,15,0,2018-04-30T17:09:43Z
126,11,0,5,15,0,1,1,1,31,0.3548387096774194,2018-04-30T17:42:01Z
127,7,0,3,13,0,1,1,1,23,0.30434782608695654,2018-04-30T17:41:46Z
129,0,0,0,19,0,1,1,1,19,0,2018-04-30T16:33:27Z
130,25,0,0,6,0,1,1,1,31,0.8064516129032258,2018-04-30T17:26:10Z
132,5,0,1,13,0,1,1,1,19,0.2631578947368421,2018-04-30T17:46:03Z
133,2,0,2,19,0,1,1,1,23,0.08695652173913043,2018-04-30T16:29:27Z
134,14,0,0,9,0,1,1,1,23,0.6086956521739131,2018-04-30T17:38:53Z
137,0,0,4,15,0,1,1,1,19,0,2018-04-30T17:27:25Z
138,5,0,0,14,0,1,1,1,19,0.2631578947368421,2018-04-30T17:22:01Z
139,0,0,6,17,0,1,1,1,23,0,2018-04-30T17:14:57Z
140,3,0,0,12,0,1,1,1,15,0.2,2018-04-30T17:09:42Z
141,1,0,2,16,0,1,1,1,19,0.05263157894736842,2018-04-30T16:51:16Z
144,5,0,2,8,0,1,1,1,15,0.3333333333333333,2018-04-30T17:30:48Z
145,3,0,1,11,0,1,1,1,15,0.2,2018-04-30T17:46:06Z
146,6,0,0,9,0,1,1,1,15,0.4,2018-04-30T17:38:46Z
147,0,0,0,14,0,1,1,1,14,0,2018-04-30T16:30:21Z
223,13,0,1,5,0,1,1,1,19,0.6842105263157895,2018-04-30T17:39:17Z
284,16,1,2,1,0,1,1,1,19,0.8421052631578947,2018-04-30T17:28:08Z
285,4,0,4,19,0,1,1,1,27,0.14814814814814814,2018-04-30T17:08:58Z
321,14,0,1,16,0,1,1,1,31,0.45161290322580644,2018-04-30T17:26:06Z
323,7,0,1,11,0,1,1,1,19,0.3684210526315789,2018-04-30T17:33:23Z
324,2,1,2,23,0,1,1,1,27,0.07407407407407407,2018-04-30T17:45:58Z
336,8,0,0,19,0,1,1,1,27,0.2962962962962963,2018-04-30T15:49:46Z
343,26,2,1,0,0,1,1,1,27,0.9629629629629629,2018-04-30T16:35:12Z
345,6,0,1,20,0,1,1,1,27,0.2222222222222222,2018-04-30T17:15:27Z
74,2,0,1,24,0,1,1,1,27,0.07407407407407407,2018-04-30T17:55:56Z
3,30,1,4,1,0,1,1,1,35,0.8571428571428571,2018-04-30T17:59:18Z
4,2,0,4,29,0,1,1,1,35,0.05714285714285714,2018-04-30T17:19:02Z
5,21,0,1,13,0,1,1,1,35,0.6,2018-04-30T18:02:14Z
6,20,5,1,1,1,1,1,1,23,0.8695652173913043,2018-04-30T17:55:34Z
8,20,3,3,0,0,1,1,1,23,0.8695652173913043,2018-04-30T17:21:45Z
9,17,1,1,1,0,1,1,1,19,0.8947368421052632,2018-04-30T17:48:27Z
10,31,1,0,0,0,1,1,1,31,1,2018-04-30T16:52:40Z
11,32,6,3,0,0,1,1,1,35,0.9142857142857143,2018-04-30T17:40:43Z
13,16,0,0,3,0,1,1,1,19,0.8421052631578947,2018-04-30T17:45:50Z
14,28,4,3,0,0,1,1,1,31,0.9032258064516129,2018-04-30T17:40:22Z
15,1,1,3,34,0,1,1,1,38,0.02631578947368421,2018-04-30T17:32:30Z
16,2,0,2,19,0,1,1,1,23,0.08695652173913043,2018-04-30T17:55:50Z
17,0,0,0,27,0,1,1,1,27,0,2018-04-30T17:45:47Z
19,32,1,3,0,0,1,1,1,35,0.9142857142857143,2018-04-30T17:22:33Z
20,18,1,3,2,0,1,1,1,23,0.782608695652174,2018-04-30T17:58:39Z
21,33,0,4,2,0,1,1,1,39,0.8461538461538461,2018-04-30T17:45:31Z
22,7,2,2,18,0,1,1,1,27,0.25925925925925924,2018-04-30T18:01:00Z
23,19,2,4,0,0,1,1,1,23,0.8260869565217391,2018-04-30T17:55:21Z
24,13,0,0,6,0,1,1,1,19,0.6842105263157895,2018-04-30T18:00:02Z
25,17,4,2,0,0,1,1,1,19,0.8947368421052632,2018-04-30T18:03:07Z
26,22,1,1,0,0,1,1,1,23,0.9565217391304348,2018-04-30T17:58:04Z
27,2,0,0,17,0,1,1,1,19,0.10526315789473684,2018-04-30T17:28:29Z
28,15,0,0,4,0,1,1,1,19,0.7894736842105263,2018-04-30T17:12:30Z
29,5,0,3,19,0,1,1,1,27,0.18518518518518517,2018-04-30T17:36:55Z
30,3,0,0,16,0,1,1,1,19,0.15789473684210525,2018-04-30T17:52:21Z
31,1,0,4,22,0,1,1,1,27,0.037037037037037035,2018-04-30T17:15:20Z
33,5,0,0,18,0,1,1,1,23,0.21739130434782608,2018-04-30T17:03:01Z
34,10,0,0,13,0,1,1,1,23,0.43478260869565216,2018-04-30T16:54:19Z
36,27,3,3,1,0,1,1,1,31,0.8709677419354839,2018-04-30T17:57:37Z
37,40,7,3,0,0,1,1,1,43,0.9302325581395349,2018-04-30T17:05:12Z
39,2,1,0,25,0,1,1,1,27,0.07407407407407407,2018-04-30T17:47:08Z
41,3,1,0,28,0,1,1,1,31,0.0967741935483871,2018-04-30T17:51:11Z
42,12,0,0,7,0,1,1,1,19,0.631578947368421,2018-04-30T17:35:47Z
43,2,0,0,29,0,1,1,1,31,0.06451612903225806,2018-04-30T17:45:01Z
44,18,0,1,12,0,1,1,1,31,0.5806451612903226,2018-04-30T17:43:24Z
45,19,0,3,5,0,1,1,1,27,0.7037037037037037,2018-04-30T17:39:10Z
47,19,1,2,10,0,1,1,1,31,0.6129032258064516,2018-04-30T17:50:32Z
49,30,10,0,0,0,1,1,1,30,1,2018-04-30T18:00:18Z
50,23,0,3,1,0,1,1,1,27,0.8518518518518519,2018-04-30T17:59:16Z
52,0,0,2,25,0,1,1,1,27,0,2018-04-30T15:42:36Z
53,3,0,1,23,0,1,1,1,27,0.1111111111111111,2018-04-30T17:08:17Z
55,4,0,3,20,0,1,1,1,27,0.14814814814814814,2018-04-30T16:56:10Z
56,0,0,3,24,0,1,1,1,27,0,2018-04-30T15:35:56Z
58,16,3,6,9,0,1,1,1,31,0.5161290322580645,2018-04-30T18:02:04Z
59,26,0,0,1,0,1,1,1,27,0.9629629629629629,2018-04-30T17:26:04Z
60,20,0,0,11,0,1,1,1,31,0.6451612903225806,2018-04-30T17:49:38Z
61,16,1,1,10,0,1,1,1,27,0.5925925925925926,2018-04-30T16:56:48Z
62,10,0,3,2,0,1,1,1,15,0.6666666666666666,2018-04-30T17:44:58Z
63,17,3,2,0,0,1,1,1,19,0.8947368421052632,2018-04-30T17:32:42Z
64,27,3,0,0,0,1,1,1,27,1,2018-04-30T16:34:04Z
66,32,3,4,3,0,1,1,1,39,0.8205128205128205,2018-04-30T18:01:43Z
67,9,0,0,14,0,1,1,1,23,0.391304347826087,2018-04-30T17:55:31Z
70,0,0,1,26,0,1,1,1,27,0,2018-04-30T17:55:12Z
71,4,0,1,22,0,1,1,1,27,0.14814814814814814,2018-04-30T16:39:59Z
72,1,0,1,25,0,1,1,1,27,0.037037037037037035,2018-04-30T17:46:50Z
73,0,0,2,25,0,1,1,1,27,0,2018-04-30T15:49:08Z
75,1,0,5,29,0,1,1,1,35,0.02857142857142857,2018-04-30T17:59:47Z
76,1,0,4,14,0,1,1,1,19,0.05263157894736842,2018-04-30T17:23:36Z
77,17,1,2,0,0,1,1,1,19,0.8947368421052632,2018-04-30T16:57:16Z
78,14,0,1,12,0,1,1,1,27,0.5185185185185185,2018-04-30T17:59:18Z
79,23,0,0,0,0,1,1,1,23,1,2018-04-30T17:58:17Z
80,23,1,0,8,0,1,1,1,31,0.7419354838709677,2018-04-30T17:55:42Z
81,28,1,5,2,0,1,1,1,35,0.8,2018-04-30T18:01:15Z
84,0,0,1,18,0,1,1,1,19,0,2018-04-30T16:03:08Z
85,0,0,5,22,0,1,1,1,27,0,2018-04-30T14:47:35Z
86,0,0,2,17,0,1,1,1,19,0,2018-04-30T16:48:09Z
88,24,3,0,3,0,1,1,1,27,0.8888888888888888,2018-04-30T17:11:17Z
89,20,0,0,7,0,1,1,1,27,0.7407407407407407,2018-04-30T17:33:38Z
90,27,3,0,0,0,1,1,1,27,1,2018-04-30T17:57:55Z
93,25,0,2,0,0,1,1,1,27,0.9259259259259259,2018-04-30T17:27:47Z
95,2,0,0,14,0,1,1,1,13,0.15384615384615385,2018-04-30T18:02:59Z
96,2,0,1,16,0,1,1,1,19,0.10526315789473684,2018-04-30T17:35:38Z
97,1,0,0,18,0,1,1,1,19,0.05263157894736842,2018-04-30T17:50:00Z
98,3,0,2,18,0,1,1,1,23,0.13043478260869565,2018-04-30T17:56:12Z
99,1,0,1,17,0,1,1,1,19,0.05263157894736842,2018-04-30T15:49:45Z
100,9,1,0,10,0,1,1,1,19,0.47368421052631576,2018-04-30T17:58:37Z
101,1,0,1,25,0,1,1,1,27,0.037037037037037035,2018-04-30T17:32:18Z
102,14,0,1,12,0,1,1,1,27,0.5185185185185185,2018-04-30T18:00:10Z
105,1,0,1,17,0,1,1,1,19,0.05263157894736842,2018-04-30T17:49:28Z
106,0,0,0,19,0,1,1,1,19,0,2018-04-30T15:22:39Z
107,2,0,3,18,0,1,1,1,23,0.08695652173913043,2018-04-30T17:23:14Z
108,2,0,0,9,0,1,1,1,11,0.18181818181818182,2018-04-30T17:35:26Z
109,1,1,1,21,0,1,1,1,23,0.043478260869565216,2018-04-30T17:37:27Z
110,1,0,1,21,0,1,1,1,23,0.043478260869565216,2018-04-30T17:53:24Z
112,7,0,0,12,0,1,1,1,19,0.3684210526315789,2018-04-30T17:27:32Z
113,0,0,0,19,0,1,1,1,19,0,2018-04-30T16:20:08Z
114,2,0,3,14,0,1,1,1,19,0.10526315789473684,2018-04-30T17:48:30Z
115,14,0,1,12,0,1,1,1,27,0.5185185185185185,2018-04-30T16:59:58Z
116,9,1,1,21,0,1,1,1,31,0.2903225806451613,2018-04-30T17:52:32Z
118,0,0,3,16,0,1,1,1,19,0,2018-04-30T14:32:16Z
119,0,0,1,14,0,1,1,1,15,0,2018-04-30T15:16:56Z
120,13,0,3,11,0,1,1,1,27,0.48148148148148145,2018-04-30T18:01:57Z
121,6,0,3,14,0,1,1,1,23,0.2608695652173913,2018-04-30T16:35:56Z
122,3,0,2,14,0,1,1,1,19,0.15789473684210525,2018-04-30T18:00:43Z
123,7,1,0,12,0,1,1,1,19,0.3684210526315789,2018-04-30T17:58:30Z
124,16,0,1,2,0,1,1,1,19,0.8421052631578947,2018-04-30T17:48:39Z
125,0,0,0,15,0,1,1,1,15,0,2018-04-30T17:09:43Z
126,11,0,5,15,0,1,1,1,31,0.3548387096774194,2018-04-30T17:42:01Z
127,6,0,3,14,0,1,1,1,23,0.2608695652173913,2018-04-30T17:48:56Z
129,0,0,0,19,0,1,1,1,19,0,2018-04-30T16:33:27Z
130,25,0,0,6,0,1,1,1,31,0.8064516129032258,2018-04-30T17:26:10Z
132,5,0,1,13,0,1,1,1,19,0.2631578947368421,2018-04-30T17:46:03Z
133,2,0,2,19,0,1,1,1,23,0.08695652173913043,2018-04-30T16:29:27Z
134,12,0,0,11,0,1,1,1,23,0.5217391304347826,2018-04-30T17:56:32Z
137,0,0,4,15,0,1,1,1,19,0,2018-04-30T17:27:25Z
138,5,0,0,14,0,1,1,1,19,0.2631578947368421,2018-04-30T17:22:01Z
139,0,0,6,17,0,1,1,1,23,0,2018-04-30T17:14:57Z
140,3,0,0,12,0,1,1,1,15,0.2,2018-04-30T17:09:42Z
141,1,0,2,16,0,1,1,1,19,0.05263157894736842,2018-04-30T16:51:16Z
144,5,0,2,8,0,1,1,1,15,0.3333333333333333,2018-04-30T17:30:48Z
145,5,0,1,9,0,1,1,1,15,0.3333333333333333,2018-04-30T17:47:35Z
146,6,0,0,9,0,1,1,1,15,0.4,2018-04-30T17:38:46Z
147,0,0,0,14,0,1,1,1,14,0,2018-04-30T16:30:21Z
223,14,0,1,4,0,1,1,1,19,0.7368421052631579,2018-04-30T17:58:46Z
284,16,1,2,1,0,1,1,1,19,0.8421052631578947,2018-04-30T17:59:51Z
285,4,0,4,19,0,1,1,1,27,0.14814814814814814,2018-04-30T17:08:58Z
321,14,0,1,16,0,1,1,1,31,0.45161290322580644,2018-04-30T17:26:06Z
323,7,0,1,11,0,1,1,1,19,0.3684210526315789,2018-04-30T17:33:23Z
324,0,0,2,25,0,1,1,1,27,0,2018-04-30T18:02:01Z
336,8,0,0,19,0,1,1,1,27,0.2962962962962963,2018-04-30T15:49:46Z
343,26,2,1,0,0,1,1,1,27,0.9629629629629629,2018-04-30T16:35:12Z
345,6,0,1,20,0,1,1,1,27,0.2222222222222222,2018-04-30T17:15:27Z
74,2,0,1,24,0,1,1,1,27,0.07407407407407407,2018-04-30T17:55:56Z
3,29,0,5,1,0,1,1,1,35,0.8285714285714286,2018-04-30T18:12:36Z
4,1,0,4,30,0,1,1,1,35,0.02857142857142857,2018-04-30T18:06:45Z
5,21,0,1,13,0,1,1,1,35,0.6,2018-04-30T18:02:14Z
6,21,5,1,0,1,1,1,1,23,0.9130434782608695,2018-04-30T18:10:34Z
8,19,2,3,1,0,1,1,1,23,0.8260869565217391,2018-04-30T18:06:17Z
9,17,1,1,1,0,1,1,1,19,0.8947368421052632,2018-04-30T17:48:27Z
10,31,1,0,0,0,1,1,1,31,1,2018-04-30T16:52:40Z
11,32,6,3,0,0,1,1,1,35,0.9142857142857143,2018-04-30T17:40:43Z
13,16,0,0,3,0,1,1,1,19,0.8421052631578947,2018-04-30T17:45:50Z
14,28,4,3,0,0,1,1,1,31,0.9032258064516129,2018-04-30T17:40:22Z
15,3,2,3,32,0,1,1,1,38,0.07894736842105263,2018-04-30T18:14:15Z
16,3,0,2,18,0,1,1,1,23,0.13043478260869565,2018-04-30T18:07:10Z
17,0,0,0,27,0,1,1,1,27,0,2018-04-30T17:45:47Z
19,30,0,3,2,0,1,1,1,35,0.8571428571428571,2018-04-30T18:15:56Z
20,17,0,3,3,0,1,1,1,23,0.7391304347826086,2018-04-30T18:03:34Z
21,34,0,4,1,0,1,1,1,39,0.8717948717948718,2018-04-30T18:05:07Z
22,8,2,2,17,0,1,1,1,27,0.2962962962962963,2018-04-30T18:15:10Z
23,18,1,4,1,0,1,1,1,23,0.782608695652174,2018-04-30T18:13:44Z
24,14,0,0,5,0,1,1,1,19,0.7368421052631579,2018-04-30T18:03:34Z
25,17,4,2,0,0,1,1,1,19,0.8947368421052632,2018-04-30T18:03:07Z
26,22,1,1,0,0,1,1,1,23,0.9565217391304348,2018-04-30T17:58:04Z
27,2,0,0,17,0,1,1,1,19,0.10526315789473684,2018-04-30T17:28:29Z
28,15,0,0,4,0,1,1,1,19,0.7894736842105263,2018-04-30T17:12:30Z
29,6,0,3,18,0,1,1,1,27,0.2222222222222222,2018-04-30T18:06:17Z
30,4,0,0,15,0,1,1,1,19,0.21052631578947367,2018-04-30T18:06:33Z
31,1,0,4,22,0,1,1,1,27,0.037037037037037035,2018-04-30T17:15:20Z
33,5,0,0,18,0,1,1,1,23,0.21739130434782608,2018-04-30T17:03:01Z
34,10,0,0,13,0,1,1,1,23,0.43478260869565216,2018-04-30T16:54:19Z
36,27,2,3,1,0,1,1,1,31,0.8709677419354839,2018-04-30T18:15:04Z
37,40,7,3,0,0,1,1,1,43,0.9302325581395349,2018-04-30T17:05:12Z
39,2,1,0,25,0,1,1,1,27,0.07407407407407407,2018-04-30T17:47:08Z
41,2,0,0,29,0,1,1,1,31,0.06451612903225806,2018-04-30T18:12:49Z
42,12,0,0,7,0,1,1,1,19,0.631578947368421,2018-04-30T17:35:47Z
43,2,0,0,29,0,1,1,1,31,0.06451612903225806,2018-04-30T17:45:01Z
44,18,0,1,12,0,1,1,1,31,0.5806451612903226,2018-04-30T17:43:24Z
45,17,0,3,7,0,1,1,1,27,0.6296296296296297,2018-04-30T18:10:23Z
47,18,0,2,11,0,1,1,1,31,0.5806451612903226,2018-04-30T18:06:07Z
49,30,10,0,0,0,1,1,1,30,1,2018-04-30T18:00:18Z
50,23,0,3,1,0,1,1,1,27,0.8518518518518519,2018-04-30T17:59:16Z
52,7,0,2,18,0,1,1,1,27,0.25925925925925924,2018-04-30T18:10:53Z
53,3,0,1,23,0,1,1,1,27,0.1111111111111111,2018-04-30T17:08:17Z
55,4,0,3,20,0,1,1,1,27,0.14814814814814814,2018-04-30T16:56:10Z
56,0,0,3,24,0,1,1,1,27,0,2018-04-30T15:35:56Z
58,17,4,6,8,0,1,1,1,31,0.5483870967741935,2018-04-30T18:12:54Z
59,27,1,0,0,0,1,1,1,27,1,2018-04-30T18:14:56Z
60,20,0,0,11,0,1,1,1,31,0.6451612903225806,2018-04-30T18:14:41Z
61,16,1,1,10,0,1,1,1,27,0.5925925925925926,2018-04-30T16:56:48Z
62,10,0,3,2,0,1,1,1,15,0.6666666666666666,2018-04-30T17:44:58Z
63,17,3,2,0,0,1,1,1,19,0.8947368421052632,2018-04-30T17:32:42Z
64,27,3,0,0,0,1,1,1,27,1,2018-04-30T16:34:04Z
66,32,3,4,3,0,1,1,1,39,0.8205128205128205,2018-04-30T18:01:43Z
67,9,0,0,14,0,1,1,1,23,0.391304347826087,2018-04-30T17:55:31Z
70,0,0,1,26,0,1,1,1,27,0,2018-04-30T17:55:12Z
71,4,0,1,22,0,1,1,1,27,0.14814814814814814,2018-04-30T16:39:59Z
72,1,0,1,25,0,1,1,1,27,0.037037037037037035,2018-04-30T17:46:50Z
73,0,0,2,25,0,1,1,1,27,0,2018-04-30T15:49:08Z
75,1,0,5,29,0,1,1,1,35,0.02857142857142857,2018-04-30T17:59:47Z
76,1,0,4,14,0,1,1,1,19,0.05263157894736842,2018-04-30T17:23:36Z
77,17,1,2,0,0,1,1,1,19,0.8947368421052632,2018-04-30T16:57:16Z
78,14,0,1,12,0,1,1,1,27,0.5185185185185185,2018-04-30T17:59:18Z
79,23,0,0,0,0,1,1,1,23,1,2018-04-30T17:58:17Z
80,24,1,0,7,0,1,1,1,31,0.7741935483870968,2018-04-30T18:03:35Z
81,32,4,2,1,0,1,1,1,35,0.9142857142857143,2018-04-30T18:16:34Z
84,0,0,1,18,0,1,1,1,19,0,2018-04-30T16:03:08Z
85,0,0,5,22,0,1,1,1,27,0,2018-04-30T14:47:35Z
86,0,0,2,17,0,1,1,1,19,0,2018-04-30T16:48:09Z
88,24,3,0,3,0,1,1,1,27,0.8888888888888888,2018-04-30T17:11:17Z
89,20,0,0,7,0,1,1,1,27,0.7407407407407407,2018-04-30T17:33:38Z
90,27,3,0,0,0,1,1,1,27,1,2018-04-30T17:57:55Z
93,24,0,2,1,0,1,1,1,27,0.8888888888888888,2018-04-30T18:11:04Z
95,1,0,1,14,0,1,1,1,13,0.07692307692307693,2018-04-30T18:12:46Z
96,2,0,1,16,0,1,1,1,19,0.10526315789473684,2018-04-30T17:35:38Z
97,0,0,0,19,0,1,1,1,19,0,2018-04-30T18:15:14Z
98,4,0,1,18,0,1,1,1,23,0.17391304347826086,2018-04-30T18:15:39Z
99,1,0,1,17,0,1,1,1,19,0.05263157894736842,2018-04-30T15:49:45Z
100,9,1,0,10,0,1,1,1,19,0.47368421052631576,2018-04-30T17:58:37Z
101,1,0,1,25,0,1,1,1,27,0.037037037037037035,2018-04-30T17:32:18Z
102,14,0,1,12,0,1,1,1,27,0.5185185185185185,2018-04-30T18:00:10Z
105,0,0,1,18,0,1,1,1,19,0,2018-04-30T18:09:51Z
106,0,0,0,19,0,1,1,1,19,0,2018-04-30T15:22:39Z
107,2,0,3,18,0,1,1,1,23,0.08695652173913043,2018-04-30T17:23:14Z
108,2,0,0,9,0,1,1,1,11,0.18181818181818182,2018-04-30T17:35:26Z
109,1,1,1,21,0,1,1,1,23,0.043478260869565216,2018-04-30T17:37:27Z
110,1,0,1,21,0,1,1,1,23,0.043478260869565216,2018-04-30T18:10:53Z
112,7,0,0,12,0,1,1,1,19,0.3684210526315789,2018-04-30T17:27:32Z
113,0,0,0,19,0,1,1,1,19,0,2018-04-30T16:20:08Z
114,2,0,3,14,0,1,1,1,19,0.10526315789473684,2018-04-30T17:48:30Z
115,14,0,1,12,0,1,1,1,27,0.5185185185185185,2018-04-30T16:59:58Z
116,9,1,1,21,0,1,1,1,31,0.2903225806451613,2018-04-30T17:52:32Z
118,0,0,3,16,0,1,1,1,19,0,2018-04-30T14:32:16Z
119,0,0,1,14,0,1,1,1,15,0,2018-04-30T15:16:56Z
120,13,0,4,10,0,1,1,1,27,0.48148148148148145,2018-04-30T18:04:00Z
121,6,0,3,14,0,1,1,1,23,0.2608695652173913,2018-04-30T18:16:47Z
122,3,0,2,14,0,1,1,1,19,0.15789473684210525,2018-04-30T18:00:43Z
123,6,1,0,13,0,1,1,1,19,0.3157894736842105,2018-04-30T18:05:51Z
124,16,0,1,2,0,1,1,1,19,0.8421052631578947,2018-04-30T17:48:39Z
125,0,0,0,15,0,1,1,1,15,0,2018-04-30T17:09:43Z
126,11,0,5,15,0,1,1,1,31,0.3548387096774194,2018-04-30T17:42:01Z
127,6,0,3,14,0,1,1,1,23,0.2608695652173913,2018-04-30T17:48:56Z
129,0,0,0,19,0,1,1,1,19,0,2018-04-30T16:33:27Z
130,25,0,0,6,0,1,1,1,31,0.8064516129032258,2018-04-30T17:26:10Z
132,5,0,1,13,0,1,1,1,19,0.2631578947368421,2018-04-30T17:46:03Z
133,2,0,2,19,0,1,1,1,23,0.08695652173913043,2018-04-30T16:29:27Z
134,12,0,0,11,0,1,1,1,23,0.5217391304347826,2018-04-30T17:56:32Z
137,0,0,4,15,0,1,1,1,19,0,2018-04-30T17:27:25Z
138,5,0,0,14,0,1,1,1,19,0.2631578947368421,2018-04-30T17:22:01Z
139,6,0,6,11,0,1,1,1,23,0.2608695652173913,2018-04-30T18:16:48Z
140,3,0,0,12,0,1,1,1,15,0.2,2018-04-30T17:09:42Z
141,1,0,2,16,0,1,1,1,19,0.05263157894736842,2018-04-30T18:14:21Z
144,5,0,2,8,0,1,1,1,15,0.3333333333333333,2018-04-30T17:30:48Z
145,5,0,1,9,0,1,1,1,15,0.3333333333333333,2018-04-30T17:47:35Z
146,5,0,0,10,0,1,1,1,15,0.3333333333333333,2018-04-30T18:11:04Z
147,0,0,0,14,0,1,1,1,14,0,2018-04-30T16:30:21Z
223,15,0,1,3,0,1,1,1,19,0.7894736842105263,2018-04-30T18:13:30Z
284,19,3,0,0,0,1,1,1,19,1,2018-04-30T18:13:06Z
285,4,0,4,19,0,1,1,1,27,0.14814814814814814,2018-04-30T17:08:58Z
321,14,0,1,16,0,1,1,1,31,0.45161290322580644,2018-04-30T17:26:06Z
323,6,0,1,12,0,1,1,1,19,0.3157894736842105,2018-04-30T18:12:37Z
324,0,0,2,25,0,1,1,1,27,0,2018-04-30T18:02:01Z
336,8,0,0,19,0,1,1,1,27,0.2962962962962963,2018-04-30T15:49:46Z
343,26,2,1,0,0,1,1,1,27,0.9629629629629629,2018-04-30T16:35:12Z
345,7,1,1,19,0,1,1,1,27,0.25925925925925924,2018-04-30T18:11:19Z
74,2,0,1,24,0,1,1,1,27,0.07407407407407407,2018-04-30T17:55:56Z
3,29,0,5,1,0,1,1,1,35,0.8285714285714286,2018-04-30T18:12:36Z
4,1,0,4,30,0,1,1,1,35,0.02857142857142857,2018-04-30T18:06:45Z
5,21,0,1,13,0,1,1,1,35,0.6,2018-04-30T18:02:14Z
6,21,5,1,0,1,1,1,1,23,0.9130434782608695,2018-04-30T18:10:34Z
8,19,2,3,1,0,1,1,1,23,0.8260869565217391,2018-04-30T18:06:17Z
9,18,1,1,0,0,1,1,1,19,0.9473684210526315,2018-04-30T18:22:13Z
10,31,1,0,0,0,1,1,1,31,1,2018-04-30T16:52:40Z
11,32,6,3,0,0,1,1,1,35,0.9142857142857143,2018-04-30T17:40:43Z
13,16,0,0,3,0,1,1,1,19,0.8421052631578947,2018-04-30T17:45:50Z
14,28,4,3,0,0,1,1,1,31,0.9032258064516129,2018-04-30T17:40:22Z
15,4,3,3,31,0,1,1,1,38,0.10526315789473684,2018-04-30T18:20:58Z
16,4,0,2,17,0,1,1,1,23,0.17391304347826086,2018-04-30T18:22:12Z
17,0,0,0,27,0,1,1,1,27,0,2018-04-30T17:45:47Z
19,29,0,3,3,0,1,1,1,35,0.8285714285714286,2018-04-30T18:20:00Z
20,17,1,3,3,0,1,1,1,23,0.7391304347826086,2018-04-30T18:18:43Z
21,34,0,4,1,0,1,1,1,39,0.8717948717948718,2018-04-30T18:05:07Z
22,7,2,2,18,0,1,1,1,27,0.25925925925925924,2018-04-30T18:19:52Z
23,18,0,4,1,0,1,1,1,23,0.782608695652174,2018-04-30T18:22:23Z
24,13,0,0,6,0,1,1,1,19,0.6842105263157895,2018-04-30T18:18:55Z
25,17,4,2,0,0,1,1,1,19,0.8947368421052632,2018-04-30T18:03:07Z
26,22,1,1,0,0,1,1,1,23,0.9565217391304348,2018-04-30T17:58:04Z
27,2,0,0,17,0,1,1,1,19,0.10526315789473684,2018-04-30T17:28:29Z
28,15,0,0,4,0,1,1,1,19,0.7894736842105263,2018-04-30T17:12:30Z
29,6,0,3,18,0,1,1,1,27,0.2222222222222222,2018-04-30T18:06:17Z
30,5,0,0,14,0,1,1,1,19,0.2631578947368421,2018-04-30T18:18:09Z
31,1,0,3,23,0,1,1,1,27,0.037037037037037035,2018-04-30T18:20:36Z
33,5,0,0,18,0,1,1,1,23,0.21739130434782608,2018-04-30T17:03:01Z
34,10,0,0,13,0,1,1,1,23,0.43478260869565216,2018-04-30T16:54:19Z
36,28,2,3,0,0,1,1,1,31,0.9032258064516129,2018-04-30T18:17:12Z
37,40,7,3,0,0,1,1,1,43,0.9302325581395349,2018-04-30T17:05:12Z
39,2,1,0,25,0,1,1,1,27,0.07407407407407407,2018-04-30T17:47:08Z
41,1,0,0,30,0,1,1,1,31,0.03225806451612903,2018-04-30T18:17:01Z
42,12,0,0,7,0,1,1,1,19,0.631578947368421,2018-04-30T17:35:47Z
43,2,0,0,29,0,1,1,1,31,0.06451612903225806,2018-04-30T17:45:01Z
44,18,0,1,12,0,1,1,1,31,0.5806451612903226,2018-04-30T17:43:24Z
45,17,0,3,7,0,1,1,1,27,0.6296296296296297,2018-04-30T18:10:23Z
47,18,0,2,11,0,1,1,1,31,0.5806451612903226,2018-04-30T18:06:07Z
49,30,10,0,0,0,1,1,1,30,1,2018-04-30T18:00:18Z
50,23,0,3,1,0,1,1,1,27,0.8518518518518519,2018-04-30T17:59:16Z
52,7,0,2,18,0,1,1,1,27,0.25925925925925924,2018-04-30T18:10:53Z
53,3,0,1,23,0,1,1,1,27,0.1111111111111111,2018-04-30T17:08:17Z
55,3,0,3,21,0,1,1,1,27,0.1111111111111111,2018-04-30T18:18:48Z
56,1,1,3,23,0,1,1,1,27,0.037037037037037035,2018-04-30T18:19:06Z
58,16,3,6,9,0,1,1,1,31,0.5161290322580645,2018-04-30T18:22:11Z
59,26,0,0,1,0,1,1,1,27,0.9629629629629629,2018-04-30T18:18:52Z
60,21,0,0,10,0,1,1,1,31,0.6774193548387096,2018-04-30T18:19:07Z
61,16,1,1,10,0,1,1,1,27,0.5925925925925926,2018-04-30T16:56:48Z
62,10,0,3,2,0,1,1,1,15,0.6666666666666666,2018-04-30T17:44:58Z
63,17,3,2,0,0,1,1,1,19,0.8947368421052632,2018-04-30T17:32:42Z
64,27,3,0,0,0,1,1,1,27,1,2018-04-30T16:34:04Z
66,31,2,4,4,0,1,1,1,39,0.7948717948717948,2018-04-30T18:22:27Z
67,9,0,0,14,0,1,1,1,23,0.391304347826087,2018-04-30T17:55:31Z
70,0,0,1,26,0,1,1,1,27,0,2018-04-30T17:55:12Z
71,4,0,1,22,0,1,1,1,27,0.14814814814814814,2018-04-30T16:39:59Z
72,1,0,1,25,0,1,1,1,27,0.037037037037037035,2018-04-30T17:46:50Z
73,0,0,2,25,0,1,1,1,27,0,2018-04-30T15:49:08Z
75,1,0,5,29,0,1,1,1,35,0.02857142857142857,2018-04-30T17:59:47Z
76,1,0,4,14,0,1,1,1,19,0.05263157894736842,2018-04-30T17:23:36Z
77,17,1,2,0,0,1,1,1,19,0.8947368421052632,2018-04-30T16:57:16Z
78,14,0,1,12,0,1,1,1,27,0.5185185185185185,2018-04-30T17:59:18Z
79,22,0,0,1,0,1,1,1,23,0.9565217391304348,2018-04-30T18:17:10Z
80,24,1,0,7,0,1,1,1,31,0.7741935483870968,2018-04-30T18:03:35Z
81,32,4,1,2,0,1,1,1,35,0.9142857142857143,2018-04-30T18:17:18Z
84,0,0,1,18,0,1,1,1,19,0,2018-04-30T16:03:08Z
85,0,0,5,22,0,1,1,1,27,0,2018-04-30T14:47:35Z
86,0,0,2,17,0,1,1,1,19,0,2018-04-30T16:48:09Z
88,24,3,0,3,0,1,1,1,27,0.8888888888888888,2018-04-30T17:11:17Z
89,20,0,0,7,0,1,1,1,27,0.7407407407407407,2018-04-30T17:33:38Z
90,26,2,0,1,0,1,1,1,27,0.9629629629629629,2018-04-30T18:18:43Z
93,25,1,2,0,0,1,1,1,27,0.9259259259259259,2018-04-30T18:22:52Z
95,2,0,1,13,0,1,1,1,13,0.15384615384615385,2018-04-30T18:22:53Z
96,2,0,1,16,0,1,1,1,19,0.10526315789473684,2018-04-30T17:35:38Z
97,0,0,0,19,0,1,1,1,19,0,2018-04-30T18:15:14Z
98,2,0,1,20,0,1,1,1,23,0.08695652173913043,2018-04-30T18:22:29Z
99,1,0,1,17,0,1,1,1,19,0.05263157894736842,2018-04-30T15:49:45Z
100,9,1,0,10,0,1,1,1,19,0.47368421052631576,2018-04-30T17:58:37Z
101,1,0,1,25,0,1,1,1,27,0.037037037037037035,2018-04-30T17:32:18Z
102,14,0,1,12,0,1,1,1,27,0.5185185185185185,2018-04-30T18:00:10Z
105,0,0,1,18,0,1,1,1,19,0,2018-04-30T18:09:51Z
106,0,0,0,19,0,1,1,1,19,0,2018-04-30T15:22:39Z
107,2,0,3,18,0,1,1,1,23,0.08695652173913043,2018-04-30T17:23:14Z
108,2,0,0,9,0,1,1,1,11,0.18181818181818182,2018-04-30T17:35:26Z
109,1,1,1,21,0,1,1,1,23,0.043478260869565216,2018-04-30T17:37:27Z
110,1,0,1,21,0,1,1,1,23,0.043478260869565216,2018-04-30T18:10:53Z
112,7,0,0,12,0,1,1,1,19,0.3684210526315789,2018-04-30T17:27:32Z
113,0,0,0,19,0,1,1,1,19,0,2018-04-30T16:20:08Z
114,2,0,3,14,0,1,1,1,19,0.10526315789473684,2018-04-30T17:48:30Z
115,14,0,1,12,0,1,1,1,27,0.5185185185185185,2018-04-30T16:59:58Z
116,9,1,1,21,0,1,1,1,31,0.2903225806451613,2018-04-30T17:52:32Z
118,0,0,3,16,0,1,1,1,19,0,2018-04-30T14:32:16Z
119,0,0,1,14,0,1,1,1,15,0,2018-04-30T15:16:56Z
120,13,0,4,10,0,1,1,1,27,0.48148148148148145,2018-04-30T18:04:00Z
121,6,0,3,14,0,1,1,1,23,0.2608695652173913,2018-04-30T18:16:47Z
122,3,0,2,14,0,1,1,1,19,0.15789473684210525,2018-04-30T18:00:43Z
123,6,1,0,13,0,1,1,1,19,0.3157894736842105,2018-04-30T18:05:51Z
124,16,0,1,2,0,1,1,1,19,0.8421052631578947,2018-04-30T17:48:39Z
125,0,0,0,15,0,1,1,1,15,0,2018-04-30T17:09:43Z
126,10,0,5,16,0,1,1,1,31,0.3225806451612903,2018-04-30T18:18:49Z
127,6,0,3,14,0,1,1,1,23,0.2608695652173913,2018-04-30T17:48:56Z
129,0,0,0,19,0,1,1,1,19,0,2018-04-30T16:33:27Z
130,25,0,0,6,0,1,1,1,31,0.8064516129032258,2018-04-30T17:26:10Z
132,4,0,1,14,0,1,1,1,19,0.21052631578947367,2018-04-30T18:21:18Z
133,2,0,2,19,0,1,1,1,23,0.08695652173913043,2018-04-30T16:29:27Z
134,13,0,0,10,0,1,1,1,23,0.5652173913043478,2018-04-30T18:22:59Z
137,0,0,4,15,0,1,1,1,19,0,2018-04-30T17:27:25Z
138,5,0,0,14,0,1,1,1,19,0.2631578947368421,2018-04-30T17:22:01Z
139,7,0,6,10,0,1,1,1,23,0.30434782608695654,2018-04-30T18:17:00Z
140,3,0,0,12,0,1,1,1,15,0.2,2018-04-30T17:09:42Z
141,0,0,2,17,0,1,1,1,19,0,2018-04-30T18:18:02Z
144,5,0,2,8,0,1,1,1,15,0.3333333333333333,2018-04-30T17:30:48Z
145,5,0,1,9,0,1,1,1,15,0.3333333333333333,2018-04-30T17:47:35Z
146,6,0,0,9,0,1,1,1,15,0.4,2018-04-30T18:19:06Z
147,0,0,0,14,0,1,1,1,14,0,2018-04-30T16:30:21Z
223,15,0,1,3,0,1,1,1,19,0.7894736842105263,2018-04-30T18:13:30Z
284,19,3,0,0,0,1,1,1,19,1,2018-04-30T18:13:06Z
285,4,0,4,19,0,1,1,1,27,0.14814814814814814,2018-04-30T17:08:58Z
321,14,0,1,16,0,1,1,1,31,0.45161290322580644,2018-04-30T17:26:06Z
323,6,0,1,12,0,1,1,1,19,0.3157894736842105,2018-04-30T18:12:37Z
324,0,0,2,25,0,1,1,1,27,0,2018-04-30T18:02:01Z
336,8,0,0,19,0,1,1,1,27,0.2962962962962963,2018-04-30T15:49:46Z
343,26,2,1,0,0,1,1,1,27,0.9629629629629629,2018-04-30T16:35:12Z
345,7,1,1,19,0,1,1,1,27,0.25925925925925924,2018-04-30T18:11:19Z
74,2,0,1,24,0,1,1,1,27,0.07407407407407407,2018-04-30T17:55:56Z
3,30,1,5,0,0,1,1,1,35,0.8571428571428571,2018-04-30T18:28:42Z
4,0,0,4,31,0,1,1,1,35,0,2018-04-30T18:26:21Z
5,21,0,1,13,0,1,1,1,35,0.6,2018-04-30T18:02:14Z
6,21,5,1,0,1,1,1,1,23,0.9130434782608695,2018-04-30T18:10:34Z
8,19,2,3,1,0,1,1,1,23,0.8260869565217391,2018-04-30T18:06:17Z
9,18,1,1,0,0,1,1,1,19,0.9473684210526315,2018-04-30T18:22:13Z
10,31,1,0,0,0,1,1,1,31,1,2018-04-30T18:30:25Z
11,32,6,3,0,0,1,1,1,35,0.9142857142857143,2018-04-30T18:26:13Z
13,16,0,0,3,0,1,1,1,19,0.8421052631578947,2018-04-30T17:45:50Z
14,28,4,3,0,0,1,1,1,31,0.9032258064516129,2018-04-30T17:40:22Z
15,4,3,3,31,0,1,1,1,38,0.10526315789473684,2018-04-30T18:20:58Z
16,4,0,2,17,0,1,1,1,23,0.17391304347826086,2018-04-30T18:22:12Z
17,1,1,0,26,0,1,1,1,27,0.037037037037037035,2018-04-30T18:25:22Z
19,29,0,3,3,0,1,1,1,35,0.8285714285714286,2018-04-30T18:20:00Z
20,17,1,3,3,0,1,1,1,23,0.7391304347826086,2018-04-30T18:18:43Z
21,34,0,4,1,0,1,1,1,39,0.8717948717948718,2018-04-30T18:05:07Z
22,7,2,2,18,0,1,1,1,27,0.25925925925925924,2018-04-30T18:19:52Z
23,19,0,4,0,0,1,1,1,23,0.8260869565217391,2018-04-30T18:28:03Z
24,14,0,0,5,0,1,1,1,19,0.7368421052631579,2018-04-30T18:28:00Z
25,17,4,2,0,0,1,1,1,19,0.8947368421052632,2018-04-30T18:03:07Z
26,22,1,1,0,0,1,1,1,23,0.9565217391304348,2018-04-30T17:58:04Z
27,2,0,0,17,0,1,1,1,19,0.10526315789473684,2018-04-30T17:28:29Z
28,15,0,0,4,0,1,1,1,19,0.7894736842105263,2018-04-30T17:12:30Z
29,6,0,3,18,0,1,1,1,27,0.2222222222222222,2018-04-30T18:06:17Z
30,4,0,0,15,0,1,1,1,19,0.21052631578947367,2018-04-30T18:24:07Z
31,1,0,3,23,0,1,1,1,27,0.037037037037037035,2018-04-30T18:20:36Z
33,5,0,0,18,0,1,1,1,23,0.21739130434782608,2018-04-30T17:03:01Z
34,10,0,0,13,0,1,1,1,23,0.43478260869565216,2018-04-30T16:54:19Z
36,28,2,3,0,0,1,1,1,31,0.9032258064516129,2018-04-30T18:17:12Z
37,40,7,3,0,0,1,1,1,43,0.9302325581395349,2018-04-30T17:05:12Z
39,2,1,0,25,0,1,1,1,27,0.07407407407407407,2018-04-30T17:47:08Z
41,1,0,0,30,0,1,1,1,31,0.03225806451612903,2018-04-30T18:17:01Z
42,12,0,0,7,0,1,1,1,19,0.631578947368421,2018-04-30T18:31:02Z
43,2,0,0,29,0,1,1,1,31,0.06451612903225806,2018-04-30T17:45:01Z
44,17,0,1,13,0,1,1,1,31,0.5483870967741935,2018-04-30T18:23:49Z
45,17,0,3,7,0,1,1,1,27,0.6296296296296297,2018-04-30T18:10:23Z
47,19,1,2,10,0,1,1,1,31,0.6129032258064516,2018-04-30T18:30:47Z
49,30,10,0,0,0,1,1,1,30,1,2018-04-30T18:00:18Z
50,23,0,3,1,0,1,1,1,27,0.8518518518518519,2018-04-30T17:59:16Z
52,7,0,2,18,0,1,1,1,27,0.25925925925925924,2018-04-30T18:10:53Z
53,3,0,1,23,0,1,1,1,27,0.1111111111111111,2018-04-30T17:08:17Z
55,3,0,3,21,0,1,1,1,27,0.1111111111111111,2018-04-30T18:18:48Z
56,1,1,3,23,0,1,1,1,27,0.037037037037037035,2018-04-30T18:19:06Z
58,16,2,6,9,0,1,1,1,31,0.5161290322580645,2018-04-30T18:29:27Z
59,26,0,0,1,0,1,1,1,27,0.9629629629629629,2018-04-30T18:18:52Z
60,21,0,0,10,0,1,1,1,31,0.6774193548387096,2018-04-30T18:19:07Z
61,17,1,1,9,0,1,1,1,27,0.6296296296296297,2018-04-30T18:23:53Z
62,10,0,3,2,0,1,1,1,15,0.6666666666666666,2018-04-30T17:44:58Z
63,17,3,2,0,0,1,1,1,19,0.8947368421052632,2018-04-30T17:32:42Z
64,27,3,0,0,0,1,1,1,27,1,2018-04-30T16:34:04Z
66,35,6,2,2,0,1,1,1,39,0.8974358974358975,2018-04-30T18:30:55Z
67,8,0,0,15,0,1,1,1,23,0.34782608695652173,2018-04-30T18:25:29Z
70,0,0,1,25,1,1,1,1,27,0,2018-04-30T18:29:39Z
71,4,0,1,22,0,1,1,1,27,0.14814814814814814,2018-04-30T16:39:59Z
72,1,0,1,25,0,1,1,1,27,0.037037037037037035,2018-04-30T17:46:50Z
73,0,0,2,25,0,1,1,1,27,0,2018-04-30T15:49:08Z
75,1,0,5,29,0,1,1,1,35,0.02857142857142857,2018-04-30T17:59:47Z
76,1,0,4,14,0,1,1,1,19,0.05263157894736842,2018-04-30T17:23:36Z
77,17,1,2,0,0,1,1,1,19,0.8947368421052632,2018-04-30T16:57:16Z
78,14,0,1,12,0,1,1,1,27,0.5185185185185185,2018-04-30T17:59:18Z
79,22,0,0,1,0,1,1,1,23,0.9565217391304348,2018-04-30T18:17:10Z
80,24,1,0,7,0,1,1,1,31,0.7741935483870968,2018-04-30T18:03:35Z
81,33,5,1,1,0,1,1,1,35,0.9428571428571428,2018-04-30T18:29:01Z
84,0,0,1,18,0,1,1,1,19,0,2018-04-30T16:03:08Z
85,0,0,5,22,0,1,1,1,27,0,2018-04-30T14:47:35Z
86,0,0,2,17,0,1,1,1,19,0,2018-04-30T16:48:09Z
88,25,3,0,2,0,1,1,1,27,0.9259259259259259,2018-04-30T18:29:20Z
89,20,0,0,7,0,1,1,1,27,0.7407407407407407,2018-04-30T17:33:38Z
90,27,3,0,0,0,1,1,1,27,1,2018-04-30T18:25:58Z
93,24,0,2,1,0,1,1,1,27,0.8888888888888888,2018-04-30T18:24:11Z
95,2,0,1,12,1,1,1,1,13,0.15384615384615385,2018-04-30T18:26:00Z
96,2,0,1,16,0,1,1,1,19,0.10526315789473684,2018-04-30T17:35:38Z
97,0,0,0,19,0,1,1,1,19,0,2018-04-30T18:15:14Z
98,2,0,1,20,0,1,1,1,23,0.08695652173913043,2018-04-30T18:22:29Z
99,1,0,1,17,0,1,1,1,19,0.05263157894736842,2018-04-30T15:49:45Z
100,9,1,0,10,0,1,1,1,19,0.47368421052631576,2018-04-30T17:58:37Z
101,1,0,1,25,0,1,1,1,27,0.037037037037037035,2018-04-30T17:32:18Z
102,15,0,1,11,0,1,1,1,27,0.5555555555555556,2018-04-30T18:28:01Z
105,0,0,1,18,0,1,1,1,19,0,2018-04-30T18:09:51Z
106,0,0,0,19,0,1,1,1,19,0,2018-04-30T15:22:39Z
107,1,0,3,19,0,1,1,1,23,0.043478260869565216,2018-04-30T18:30:47Z
108,2,0,0,9,0,1,1,1,11,0.18181818181818182,2018-04-30T17:35:26Z
109,2,1,1,20,0,1,1,1,23,0.08695652173913043,2018-04-30T18:25:02Z
110,1,0,1,21,0,1,1,1,23,0.043478260869565216,2018-04-30T18:10:53Z
112,7,0,0,12,0,1,1,1,19,0.3684210526315789,2018-04-30T17:27:32Z
113,0,0,0,19,0,1,1,1,19,0,2018-04-30T16:20:08Z
114,2,0,3,14,0,1,1,1,19,0.10526315789473684,2018-04-30T17:48:30Z
115,14,0,1,12,0,1,1,1,27,0.5185185185185185,2018-04-30T16:59:58Z
116,9,1,1,21,0,1,1,1,31,0.2903225806451613,2018-04-30T17:52:32Z
118,0,0,3,16,0,1,1,1,19,0,2018-04-30T14:32:16Z
119,0,0,1,14,0,1,1,1,15,0,2018-04-30T15:16:56Z
120,13,0,4,10,0,1,1,1,27,0.48148148148148145,2018-04-30T18:04:00Z
121,6,0,3,14,0,1,1,1,23,0.2608695652173913,2018-04-30T18:16:47Z
122,3,0,2,14,0,1,1,1,19,0.15789473684210525,2018-04-30T18:00:43Z
123,6,1,0,13,0,1,1,1,19,0.3157894736842105,2018-04-30T18:05:51Z
124,16,0,1,2,0,1,1,1,19,0.8421052631578947,2018-04-30T17:48:39Z
125,0,0,0,15,0,1,1,1,15,0,2018-04-30T17:09:43Z
126,10,0,5,16,0,1,1,1,31,0.3225806451612903,2018-04-30T18:18:49Z
127,6,0,3,14,0,1,1,1,23,0.2608695652173913,2018-04-30T17:48:56Z
129,1,0,0,18,0,1,1,1,19,0.05263157894736842,2018-04-30T18:25:47Z
130,25,0,0,6,0,1,1,1,31,0.8064516129032258,2018-04-30T17:26:10Z
132,4,0,1,14,0,1,1,1,19,0.21052631578947367,2018-04-30T18:21:18Z
133,2,0,2,19,0,1,1,1,23,0.08695652173913043,2018-04-30T16:29:27Z
134,13,0,0,10,0,1,1,1,23,0.5652173913043478,2018-04-30T18:22:59Z
137,6,0,4,9,0,1,1,1,19,0.3157894736842105,2018-04-30T18:28:41Z
138,5,0,0,14,0,1,1,1,19,0.2631578947368421,2018-04-30T17:22:01Z
139,7,0,6,10,0,1,1,1,23,0.30434782608695654,2018-04-30T18:17:00Z
140,3,0,0,12,0,1,1,1,15,0.2,2018-04-30T17:09:42Z
141,0,0,2,17,0,1,1,1,19,0,2018-04-30T18:18:02Z
144,4,0,2,9,0,1,1,1,15,0.26666666666666666,2018-04-30T18:23:51Z
145,5,0,1,9,0,1,1,1,15,0.3333333333333333,2018-04-30T17:47:35Z
146,6,0,0,9,0,1,1,1,15,0.4,2018-04-30T18:19:06Z
147,0,0,0,14,0,1,1,1,14,0,2018-04-30T16:30:21Z
223,15,0,1,3,0,1,1,1,19,0.7894736842105263,2018-04-30T18:13:30Z
284,19,3,0,0,0,1,1,1,19,1,2018-04-30T18:13:06Z
285,4,0,4,19,0,1,1,1,27,0.14814814814814814,2018-04-30T17:08:58Z
321,14,0,1,16,0,1,1,1,31,0.45161290322580644,2018-04-30T17:26:06Z
323,6,0,1,12,0,1,1,1,19,0.3157894736842105,2018-04-30T18:12:37Z
324,0,0,2,25,0,1,1,1,27,0,2018-04-30T18:02:01Z
336,8,0,0,19,0,1,1,1,27,0.2962962962962963,2018-04-30T15:49:46Z
343,26,2,1,0,0,1,1,1,27,0.9629629629629629,2018-04-30T16:35:12Z
345,7,1,1,19,0,1,1,1,27,0.25925925925925924,2018-04-30T18:11:19Z
74,2,0,1,24,0,1,1,1,27,0.07407407407407407,2018-04-30T17:55:56Z
3,27,0,6,2,0,1,1,1,35,0.7714285714285715,2018-04-30T18:44:27Z
4,1,1,4,30,0,1,1,1,35,0.02857142857142857,2018-04-30T19:01:49Z
5,22,2,1,12,0,1,1,1,35,0.6285714285714286,2018-04-30T18:53:57Z
6,20,5,1,1,1,1,1,1,23,0.8695652173913043,2018-04-30T19:01:22Z
8,20,3,3,0,0,1,1,1,23,0.8695652173913043,2018-04-30T18:45:05Z
9,18,0,1,0,0,1,1,1,19,0.9473684210526315,2018-04-30T19:01:12Z
10,30,0,0,1,0,1,1,1,31,0.967741935483871,2018-04-30T19:00:20Z
11,32,6,3,0,0,1,1,1,35,0.9142857142857143,2018-04-30T18:26:13Z
13,16,1,0,3,0,1,1,1,19,0.8421052631578947,2018-04-30T19:01:29Z
14,30,4,1,0,0,1,1,1,31,0.967741935483871,2018-04-30T18:39:08Z
15,3,2,3,32,0,1,1,1,38,0.07894736842105263,2018-04-30T18:53:40Z
16,4,0,2,17,0,1,1,1,23,0.17391304347826086,2018-04-30T18:22:12Z
17,0,0,0,27,0,1,1,1,27,0,2018-04-30T18:36:39Z
19,30,0,3,2,0,1,1,1,35,0.8571428571428571,2018-04-30T18:58:10Z
20,17,1,3,3,0,1,1,1,23,0.7391304347826086,2018-04-30T18:57:04Z
21,33,0,4,2,0,1,1,1,39,0.8461538461538461,2018-04-30T18:51:11Z
22,5,2,2,20,0,1,1,1,27,0.18518518518518517,2018-04-30T18:35:19Z
23,18,0,4,1,0,1,1,1,23,0.782608695652174,2018-04-30T18:55:53Z
24,16,0,0,3,0,1,1,1,19,0.8421052631578947,2018-04-30T18:36:35Z
25,17,4,2,0,0,1,1,1,19,0.8947368421052632,2018-04-30T18:03:07Z
26,22,1,1,0,0,1,1,1,23,0.9565217391304348,2018-04-30T18:51:16Z
27,1,0,0,18,0,1,1,1,19,0.05263157894736842,2018-04-30T18:47:49Z
28,16,0,1,2,0,1,1,1,19,0.8421052631578947,2018-04-30T18:42:56Z
29,6,0,3,18,0,1,1,1,27,0.2222222222222222,2018-04-30T18:06:17Z
30,5,0,0,14,0,1,1,1,19,0.2631578947368421,2018-04-30T18:43:11Z
31,1,0,3,23,0,1,1,1,27,0.037037037037037035,2018-04-30T18:20:36Z
33,5,0,0,18,0,1,1,1,23,0.21739130434782608,2018-04-30T17:03:01Z
34,10,0,0,13,0,1,1,1,23,0.43478260869565216,2018-04-30T16:54:19Z
36,28,2,3,0,0,1,1,1,31,0.9032258064516129,2018-04-30T18:17:12Z
37,42,8,1,0,0,1,1,1,43,0.9767441860465116,2018-04-30T19:02:29Z
39,2,0,0,25,0,1,1,1,27,0.07407407407407407,2018-04-30T18:35:54Z
41,1,0,0,30,0,1,1,1,31,0.03225806451612903,2018-04-30T18:17:01Z
42,12,0,0,7,0,1,1,1,19,0.631578947368421,2018-04-30T18:31:02Z
43,1,0,0,30,0,1,1,1,31,0.03225806451612903,2018-04-30T18:45:31Z
44,19,2,0,12,0,1,1,1,31,0.6129032258064516,2018-04-30T18:56:32Z
45,20,0,3,4,0,1,1,1,27,0.7407407407407407,2018-04-30T18:43:00Z
47,19,0,2,10,0,1,1,1,31,0.6129032258064516,2018-04-30T18:54:21Z
49,30,10,0,0,0,1,1,1,30,1,2018-04-30T18:00:18Z
50,24,0,3,0,0,1,1,1,27,0.8888888888888888,2018-04-30T18:58:45Z
52,7,1,2,18,0,1,1,1,27,0.25925925925925924,2018-04-30T18:45:49Z
53,3,0,1,23,0,1,1,1,27,0.1111111111111111,2018-04-30T17:08:17Z
55,2,0,3,22,0,1,1,1,27,0.07407407407407407,2018-04-30T19:01:53Z
56,0,0,3,24,0,1,1,1,27,0,2018-04-30T18:37:37Z
58,12,0,6,13,0,1,1,1,31,0.3870967741935484,2018-04-30T19:01:29Z
59,26,0,0,1,0,1,1,1,27,0.9629629629629629,2018-04-30T18:18:52Z
60,19,1,0,12,0,1,1,1,31,0.6129032258064516,2018-04-30T19:00:08Z
61,16,0,1,10,0,1,1,1,27,0.5925925925925926,2018-04-30T18:48:13Z
62,10,0,3,2,0,1,1,1,15,0.6666666666666666,2018-04-30T17:44:58Z
63,17,3,2,0,0,1,1,1,19,0.8947368421052632,2018-04-30T17:32:42Z
64,27,3,0,0,0,1,1,1,27,1,2018-04-30T16:34:04Z
66,34,3,0,5,0,1,1,1,39,0.8717948717948718,2018-04-30T19:00:27Z
67,7,0,0,16,0,1,1,1,23,0.30434782608695654,2018-04-30T18:46:55Z
70,0,0,1,25,1,1,1,1,27,0,2018-04-30T18:56:54Z
71,4,0,1,22,0,1,1,1,27,0.14814814814814814,2018-04-30T16:39:59Z
72,1,0,1,25,0,1,1,1,27,0.037037037037037035,2018-04-30T17:46:50Z
73,0,0,2,25,0,1,1,1,27,0,2018-04-30T15:49:08Z
75,0,0,5,30,0,1,1,1,35,0,2018-04-30T18:58:02Z
76,1,0,5,13,0,1,1,1,19,0.05263157894736842,2018-04-30T18:58:50Z
77,16,0,2,1,0,1,1,1,19,0.8421052631578947,2018-04-30T18:59:37Z
78,14,0,1,12,0,1,1,1,27,0.5185185185185185,2018-04-30T17:59:18Z
79,23,0,0,0,0,1,1,1,23,1,2018-04-30T18:40:41Z
80,24,1,0,7,0,1,1,1,31,0.7741935483870968,2018-04-30T18:03:35Z
81,33,5,1,1,0,1,1,1,35,0.9428571428571428,2018-04-30T18:57:22Z
84,0,0,1,18,0,1,1,1,19,0,2018-04-30T16:03:08Z
85,0,0,5,22,0,1,1,1,27,0,2018-04-30T14:47:35Z
86,0,0,2,17,0,1,1,1,19,0,2018-04-30T16:48:09Z
88,25,3,0,2,0,1,1,1,27,0.9259259259259259,2018-04-30T18:29:20Z
89,23,1,0,4,0,1,1,1,27,0.8518518518518519,2018-04-30T18:54:13Z
90,27,3,0,0,0,1,1,1,27,1,2018-04-30T19:02:27Z
93,26,2,1,0,0,1,1,1,27,0.9629629629629629,2018-04-30T18:50:30Z
95,4,0,1,12,0,1,1,1,13,0.3076923076923077,2018-04-30T19:02:06Z
96,2,0,1,16,0,1,1,1,19,0.10526315789473684,2018-04-30T17:35:38Z
97,1,0,0,18,0,1,1,1,19,0.05263157894736842,2018-04-30T18:50:18Z
98,2,0,1,20,0,1,1,1,23,0.08695652173913043,2018-04-30T18:44:36Z
99,0,0,1,18,0,1,1,1,19,0,2018-04-30T18:42:33Z
100,8,0,0,11,0,1,1,1,19,0.42105263157894735,2018-04-30T18:55:36Z
101,1,0,1,25,0,1,1,1,27,0.037037037037037035,2018-04-30T17:32:18Z
102,15,0,1,11,0,1,1,1,27,0.5555555555555556,2018-04-30T18:28:01Z
105,0,0,1,18,0,1,1,1,19,0,2018-04-30T18:09:51Z
106,0,0,0,19,0,1,1,1,19,0,2018-04-30T15:22:39Z
107,1,0,3,19,0,1,1,1,23,0.043478260869565216,2018-04-30T18:56:10Z
108,1,0,0,10,0,1,1,1,11,0.09090909090909091,2018-04-30T19:01:14Z
109,0,0,1,22,0,1,1,1,23,0,2018-04-30T18:59:03Z
110,1,0,1,21,0,1,1,1,23,0.043478260869565216,2018-04-30T18:10:53Z
112,5,0,0,14,0,1,1,1,19,0.2631578947368421,2018-04-30T18:47:02Z
113,1,0,0,18,0,1,1,1,19,0.05263157894736842,2018-04-30T18:34:13Z
114,1,0,3,15,0,1,1,1,19,0.05263157894736842,2018-04-30T18:46:33Z
115,14,0,1,12,0,1,1,1,27,0.5185185185185185,2018-04-30T16:59:58Z
116,9,1,1,21,0,1,1,1,31,0.2903225806451613,2018-04-30T17:52:32Z
118,0,0,3,16,0,1,1,1,19,0,2018-04-30T14:32:16Z
119,0,0,1,14,0,1,1,1,15,0,2018-04-30T15:16:56Z
120,13,0,4,10,0,1,1,1,27,0.48148148148148145,2018-04-30T18:04:00Z
121,6,0,3,14,0,1,1,1,23,0.2608695652173913,2018-04-30T18:16:47Z
122,3,0,2,14,0,1,1,1,19,0.15789473684210525,2018-04-30T18:00:43Z
123,4,0,0,15,0,1,1,1,19,0.21052631578947367,2018-04-30T18:53:46Z
124,15,0,1,3,0,1,1,1,19,0.7894736842105263,2018-04-30T18:33:55Z
125,1,0,0,14,0,1,1,1,15,0.06666666666666667,2018-04-30T18:39:59Z
126,10,0,5,16,0,1,1,1,31,0.3225806451612903,2018-04-30T18:18:49Z
127,4,0,3,16,0,1,1,1,23,0.17391304347826086,2018-04-30T18:43:18Z
129,2,0,0,17,0,1,1,1,19,0.10526315789473684,2018-04-30T18:37:18Z
130,25,0,0,6,0,1,1,1,31,0.8064516129032258,2018-04-30T17:26:10Z
132,5,1,1,13,0,1,1,1,19,0.2631578947368421,2018-04-30T18:46:41Z
133,2,0,2,19,0,1,1,1,23,0.08695652173913043,2018-04-30T16:29:27Z
134,15,1,0,8,0,1,1,1,23,0.6521739130434783,2018-04-30T18:58:25Z
137,5,0,4,10,0,1,1,1,19,0.2631578947368421,2018-04-30T18:58:16Z
138,4,0,0,15,0,1,1,1,19,0.21052631578947367,2018-04-30T18:51:46Z
139,7,0,6,10,0,1,1,1,23,0.30434782608695654,2018-04-30T18:17:00Z
140,3,0,0,12,0,1,1,1,15,0.2,2018-04-30T17:09:42Z
141,1,0,2,16,0,1,1,1,19,0.05263157894736842,2018-04-30T18:39:22Z
144,4,0,2,9,0,1,1,1,15,0.26666666666666666,2018-04-30T18:23:51Z
145,5,0,1,9,0,1,1,1,15,0.3333333333333333,2018-04-30T17:47:35Z
146,6,0,0,9,0,1,1,1,15,0.4,2018-04-30T18:19:06Z
147,1,1,0,13,0,1,1,1,14,0.07142857142857142,2018-04-30T19:01:24Z
223,3,0,1,15,0,1,1,1,19,0.15789473684210525,2018-04-30T18:52:45Z
284,19,3,0,0,0,1,1,1,19,1,2018-04-30T18:13:06Z
285,3,0,4,20,0,1,1,1,27,0.1111111111111111,2018-04-30T19:00:10Z
321,14,0,1,16,0,1,1,1,31,0.45161290322580644,2018-04-30T17:26:06Z
323,8,2,1,10,0,1,1,1,19,0.42105263157894735,2018-04-30T18:43:33Z
324,3,0,2,22,0,1,1,1,27,0.1111111111111111,2018-04-30T18:45:54Z
336,8,0,0,19,0,1,1,1,27,0.2962962962962963,2018-04-30T15:49:46Z
343,26,2,1,0,0,1,1,1,27,0.9629629629629629,2018-04-30T16:35:12Z
345,6,0,1,20,0,1,1,1,27,0.2222222222222222,2018-04-30T18:39:49Z
74,2,0,1,24,0,1,1,1,27,0.07407407407407407,2018-04-30T17:55:56Z
3,27,0,6,2,0,1,1,1,35,0.7714285714285715,2018-04-30T18:44:27Z
4,0,0,4,31,0,1,1,1,35,0,2018-04-30T19:04:30Z
5,23,2,1,11,0,1,1,1,35,0.6571428571428571,2018-04-30T19:04:18Z
6,19,4,1,2,1,1,1,1,23,0.8260869565217391,2018-04-30T19:07:57Z
8,20,3,3,0,0,1,1,1,23,0.8695652173913043,2018-04-30T18:45:05Z
9,18,0,1,0,0,1,1,1,19,0.9473684210526315,2018-04-30T19:01:12Z
10,30,0,0,1,0,1,1,1,31,0.967741935483871,2018-04-30T19:00:20Z
11,32,6,3,0,0,1,1,1,35,0.9142857142857143,2018-04-30T18:26:13Z
13,18,3,0,1,0,1,1,1,19,0.9473684210526315,2018-04-30T19:06:38Z
14,28,2,2,1,0,1,1,1,31,0.9032258064516129,2018-04-30T19:10:08Z
15,3,2,3,32,0,1,1,1,38,0.07894736842105263,2018-04-30T18:53:40Z
16,5,0,2,16,0,1,1,1,23,0.21739130434782608,2018-04-30T19:03:09Z
17,0,0,0,27,0,1,1,1,27,0,2018-04-30T18:36:39Z
19,30,0,3,2,0,1,1,1,35,0.8571428571428571,2018-04-30T18:58:10Z
20,20,2,3,0,0,1,1,1,23,0.8695652173913043,2018-04-30T19:06:59Z
21,33,0,4,2,0,1,1,1,39,0.8461538461538461,2018-04-30T18:51:11Z
22,4,1,2,21,0,1,1,1,27,0.14814814814814814,2018-04-30T19:04:04Z
23,18,0,4,1,0,1,1,1,23,0.782608695652174,2018-04-30T18:55:53Z
24,15,0,0,4,0,1,1,1,19,0.7894736842105263,2018-04-30T19:10:08Z
25,17,4,2,0,0,1,1,1,19,0.8947368421052632,2018-04-30T18:03:07Z
26,22,1,1,0,0,1,1,1,23,0.9565217391304348,2018-04-30T18:51:16Z
27,0,0,0,19,0,1,1,1,19,0,2018-04-30T19:10:23Z
28,16,0,1,2,0,1,1,1,19,0.8421052631578947,2018-04-30T18:42:56Z
29,6,0,3,18,0,1,1,1,27,0.2222222222222222,2018-04-30T18:06:17Z
30,4,0,0,15,0,1,1,1,19,0.21052631578947367,2018-04-30T19:07:45Z
31,1,0,3,23,0,1,1,1,27,0.037037037037037035,2018-04-30T18:20:36Z
33,5,0,0,18,0,1,1,1,23,0.21739130434782608,2018-04-30T17:03:01Z
34,10,0,0,13,0,1,1,1,23,0.43478260869565216,2018-04-30T16:54:19Z
36,28,2,3,0,0,1,1,1,31,0.9032258064516129,2018-04-30T18:17:12Z
37,37,6,6,0,0,1,1,1,43,0.8604651162790697,2018-04-30T19:09:13Z
39,2,0,0,25,0,1,1,1,27,0.07407407407407407,2018-04-30T18:35:54Z
41,1,0,0,30,0,1,1,1,31,0.03225806451612903,2018-04-30T18:17:01Z
42,11,0,0,8,0,1,1,1,19,0.5789473684210527,2018-04-30T19:07:38Z
43,1,0,0,30,0,1,1,1,31,0.03225806451612903,2018-04-30T18:45:31Z
44,18,1,0,13,0,1,1,1,31,0.5806451612903226,2018-04-30T19:04:48Z
45,20,0,3,4,0,1,1,1,27,0.7407407407407407,2018-04-30T18:43:00Z
47,19,0,2,10,0,1,1,1,31,0.6129032258064516,2018-04-30T18:54:21Z
49,30,10,0,0,0,1,1,1,30,1,2018-04-30T18:00:18Z
50,24,0,3,0,0,1,1,1,27,0.8888888888888888,2018-04-30T18:58:45Z
52,7,1,2,18,0,1,1,1,27,0.25925925925925924,2018-04-30T18:45:49Z
53,3,0,1,23,0,1,1,1,27,0.1111111111111111,2018-04-30T17:08:17Z
55,2,0,3,22,0,1,1,1,27,0.07407407407407407,2018-04-30T19:01:53Z
56,0,0,3,24,0,1,1,1,27,0,2018-04-30T18:37:37Z
58,10,0,6,15,0,1,1,1,31,0.3225806451612903,2018-04-30T19:09:51Z
59,26,0,0,1,0,1,1,1,27,0.9629629629629629,2018-04-30T18:18:52Z
60,18,0,0,13,0,1,1,1,31,0.5806451612903226,2018-04-30T19:07:48Z
61,18,1,1,8,0,1,1,1,27,0.6666666666666666,2018-04-30T19:10:36Z
62,10,0,3,2,0,1,1,1,15,0.6666666666666666,2018-04-30T17:44:58Z
63,17,3,2,0,0,1,1,1,19,0.8947368421052632,2018-04-30T17:32:42Z
64,27,3,0,0,0,1,1,1,27,1,2018-04-30T16:34:04Z
66,34,3,0,5,0,1,1,1,39,0.8717948717948718,2018-04-30T19:07:47Z
67,7,0,0,16,0,1,1,1,23,0.30434782608695654,2018-04-30T18:46:55Z
70,0,0,1,25,1,1,1,1,27,0,2018-04-30T19:04:00Z
71,5,1,1,21,0,1,1,1,27,0.18518518518518517,2018-04-30T19:09:48Z
72,1,0,1,25,0,1,1,1,27,0.037037037037037035,2018-04-30T17:46:50Z
73,0,0,2,25,0,1,1,1,27,0,2018-04-30T15:49:08Z
75,1,0,5,29,0,1,1,1,35,0.02857142857142857,2018-04-30T19:09:33Z
76,1,0,5,13,0,1,1,1,19,0.05263157894736842,2018-04-30T18:58:50Z
77,16,0,2,1,0,1,1,1,19,0.8421052631578947,2018-04-30T18:59:37Z
78,15,1,1,11,0,1,1,1,27,0.5555555555555556,2018-04-30T19:06:29Z
79,23,0,0,0,0,1,1,1,23,1,2018-04-30T18:40:41Z
80,24,1,0,7,0,1,1,1,31,0.7741935483870968,2018-04-30T19:06:37Z
81,32,4,1,2,0,1,1,1,35,0.9142857142857143,2018-04-30T19:04:41Z
84,0,0,1,18,0,1,1,1,19,0,2018-04-30T16:03:08Z
85,0,0,5,22,0,1,1,1,27,0,2018-04-30T14:47:35Z
86,1,1,2,16,0,1,1,1,19,0.05263157894736842,2018-04-30T19:06:19Z
88,25,3,0,2,0,1,1,1,27,0.9259259259259259,2018-04-30T18:29:20Z
89,24,2,0,3,0,1,1,1,27,0.8888888888888888,2018-04-30T19:03:10Z
90,26,2,0,1,0,1,1,1,27,0.9629629629629629,2018-04-30T19:02:34Z
93,26,2,1,0,0,1,1,1,27,0.9629629629629629,2018-04-30T18:50:30Z
95,0,0,2,12,0,1,1,1,13,0,2018-04-30T19:08:19Z
96,2,0,1,16,0,1,1,1,19,0.10526315789473684,2018-04-30T17:35:38Z
97,1,0,0,18,0,1,1,1,19,0.05263157894736842,2018-04-30T18:50:18Z
98,2,0,1,20,0,1,1,1,23,0.08695652173913043,2018-04-30T18:44:36Z
99,0,0,1,18,0,1,1,1,19,0,2018-04-30T18:42:33Z
100,8,0,0,11,0,1,1,1,19,0.42105263157894735,2018-04-30T18:55:36Z
101,1,0,1,25,0,1,1,1,27,0.037037037037037035,2018-04-30T17:32:18Z
102,15,0,1,11,0,1,1,1,27,0.5555555555555556,2018-04-30T18:28:01Z
105,0,0,1,18,0,1,1,1,19,0,2018-04-30T18:09:51Z
106,0,0,0,19,0,1,1,1,19,0,2018-04-30T15:22:39Z
107,0,0,3,20,0,1,1,1,23,0,2018-04-30T19:05:46Z
108,1,0,0,10,0,1,1,1,11,0.09090909090909091,2018-04-30T19:01:14Z
109,0,0,1,22,0,1,1,1,23,0,2018-04-30T18:59:03Z
110,1,0,1,21,0,1,1,1,23,0.043478260869565216,2018-04-30T18:10:53Z
112,5,0,0,14,0,1,1,1,19,0.2631578947368421,2018-04-30T18:47:02Z
113,1,0,0,18,0,1,1,1,19,0.05263157894736842,2018-04-30T18:34:13Z
114,1,0,3,15,0,1,1,1,19,0.05263157894736842,2018-04-30T18:46:33Z
115,14,0,1,12,0,1,1,1,27,0.5185185185185185,2018-04-30T16:59:58Z
116,9,1,1,21,0,1,1,1,31,0.2903225806451613,2018-04-30T17:52:32Z
118,0,0,3,16,0,1,1,1,19,0,2018-04-30T14:32:16Z
119,0,0,1,14,0,1,1,1,15,0,2018-04-30T15:16:56Z
120,14,0,4,9,0,1,1,1,27,0.5185185185185185,2018-04-30T19:07:11Z
121,6,0,3,14,0,1,1,1,23,0.2608695652173913,2018-04-30T18:16:47Z
122,3,0,2,14,0,1,1,1,19,0.15789473684210525,2018-04-30T18:00:43Z
123,4,0,0,15,0,1,1,1,19,0.21052631578947367,2018-04-30T18:53:46Z
124,15,0,1,3,0,1,1,1,19,0.7894736842105263,2018-04-30T18:33:55Z
125,1,0,0,14,0,1,1,1,15,0.06666666666666667,2018-04-30T18:39:59Z
126,11,0,5,15,0,1,1,1,31,0.3548387096774194,2018-04-30T19:06:59Z
127,4,0,3,16,0,1,1,1,23,0.17391304347826086,2018-04-30T18:43:18Z
129,2,0,1,16,0,1,1,1,19,0.10526315789473684,2018-04-30T19:10:43Z
130,25,0,0,6,0,1,1,1,31,0.8064516129032258,2018-04-30T17:26:10Z
132,5,1,1,13,0,1,1,1,19,0.2631578947368421,2018-04-30T18:46:41Z
133,2,0,2,19,0,1,1,1,23,0.08695652173913043,2018-04-30T16:29:27Z
134,15,1,0,8,0,1,1,1,23,0.6521739130434783,2018-04-30T18:58:25Z
137,5,0,4,10,0,1,1,1,19,0.2631578947368421,2018-04-30T18:58:16Z
138,4,0,0,15,0,1,1,1,19,0.21052631578947367,2018-04-30T18:51:46Z
139,5,0,6,12,0,1,1,1,23,0.21739130434782608,2018-04-30T19:06:45Z
140,3,0,0,12,0,1,1,1,15,0.2,2018-04-30T17:09:42Z
141,1,0,2,16,0,1,1,1,19,0.05263157894736842,2018-04-30T18:39:22Z
144,4,0,2,9,0,1,1,1,15,0.26666666666666666,2018-04-30T18:23:51Z
145,5,0,1,9,0,1,1,1,15,0.3333333333333333,2018-04-30T17:47:35Z
146,6,0,0,9,0,1,1,1,15,0.4,2018-04-30T18:19:06Z
147,9,0,2,8,0,1,1,1,14,0.6428571428571429,2018-04-30T19:10:15Z
223,3,0,1,15,0,1,1,1,19,0.15789473684210525,2018-04-30T18:52:45Z
284,19,3,0,0,0,1,1,1,19,1,2018-04-30T18:13:06Z
285,2,0,4,21,0,1,1,1,27,0.07407407407407407,2018-04-30T19:04:10Z
321,15,1,1,15,0,1,1,1,31,0.4838709677419355,2018-04-30T19:08:19Z
323,8,2,1,10,0,1,1,1,19,0.42105263157894735,2018-04-30T19:07:41Z
324,3,0,2,22,0,1,1,1,27,0.1111111111111111,2018-04-30T18:45:54Z
336,8,0,0,19,0,1,1,1,27,0.2962962962962963,2018-04-30T15:49:46Z
343,26,2,1,0,0,1,1,1,27,0.9629629629629629,2018-04-30T16:35:12Z
345,6,0,1,20,0,1,1,1,27,0.2222222222222222,2018-04-30T18:39:49Z
74,3,0,1,23,0,1,1,1,27,0.1111111111111111,2018-04-30T19:15:21Z
3,28,1,5,2,0,1,1,1,35,0.8,2018-04-30T19:15:29Z
4,0,0,4,31,0,1,1,1,35,0,2018-04-30T19:04:30Z
5,23,2,1,11,0,1,1,1,35,0.6571428571428571,2018-04-30T19:04:18Z
6,20,5,1,1,1,1,1,1,23,0.8695652173913043,2018-04-30T19:14:34Z
8,20,3,3,0,0,1,1,1,23,0.8695652173913043,2018-04-30T18:45:05Z
9,18,0,1,0,0,1,1,1,19,0.9473684210526315,2018-04-30T19:01:12Z
10,31,1,0,0,0,1,1,1,31,1,2018-04-30T19:16:54Z
11,32,6,3,0,0,1,1,1,35,0.9142857142857143,2018-04-30T18:26:13Z
13,18,3,0,1,0,1,1,1,19,0.9473684210526315,2018-04-30T19:06:38Z
14,28,2,2,1,0,1,1,1,31,0.9032258064516129,2018-04-30T19:10:08Z
15,3,2,3,32,0,1,1,1,38,0.07894736842105263,2018-04-30T18:53:40Z
16,5,1,1,17,0,1,1,1,23,0.21739130434782608,2018-04-30T19:14:13Z
17,0,0,0,27,0,1,1,1,27,0,2018-04-30T18:36:39Z
19,31,1,3,1,0,1,1,1,35,0.8857142857142857,2018-04-30T19:13:49Z
20,19,1,3,1,0,1,1,1,23,0.8260869565217391,2018-04-30T19:19:19Z
21,35,0,4,0,0,1,1,1,39,0.8974358974358975,2018-04-30T19:16:44Z
22,5,2,1,21,0,1,1,1,27,0.18518518518518517,2018-04-30T19:15:12Z
23,17,0,4,2,0,1,1,1,23,0.7391304347826086,2018-04-30T19:15:45Z
24,16,0,0,3,0,1,1,1,19,0.8421052631578947,2018-04-30T19:17:13Z
25,16,3,3,0,0,1,1,1,19,0.8421052631578947,2018-04-30T19:15:14Z
26,22,1,1,0,0,1,1,1,23,0.9565217391304348,2018-04-30T18:51:16Z
27,0,0,0,19,0,1,1,1,19,0,2018-04-30T19:10:23Z
28,16,0,1,2,0,1,1,1,19,0.8421052631578947,2018-04-30T18:42:56Z
29,6,0,3,18,0,1,1,1,27,0.2222222222222222,2018-04-30T18:06:17Z
30,2,0,0,17,0,1,1,1,19,0.10526315789473684,2018-04-30T19:16:03Z
31,1,0,3,23,0,1,1,1,27,0.037037037037037035,2018-04-30T18:20:36Z
33,5,0,0,18,0,1,1,1,23,0.21739130434782608,2018-04-30T17:03:01Z
34,9,0,0,14,0,1,1,1,23,0.391304347826087,2018-04-30T19:14:57Z
36,29,3,2,0,0,1,1,1,31,0.9354838709677419,2018-04-30T19:16:27Z
37,37,6,2,4,0,1,1,1,43,0.8604651162790697,2018-04-30T19:15:27Z
39,2,0,0,25,0,1,1,1,27,0.07407407407407407,2018-04-30T18:35:54Z
41,1,0,0,30,0,1,1,1,31,0.03225806451612903,2018-04-30T18:17:01Z
42,11,0,0,8,0,1,1,1,19,0.5789473684210527,2018-04-30T19:07:38Z
43,0,0,0,31,0,1,1,1,31,0,2018-04-30T19:16:32Z
44,17,0,0,14,0,1,1,1,31,0.5483870967741935,2018-04-30T19:15:04Z
45,20,0,3,4,0,1,1,1,27,0.7407407407407407,2018-04-30T18:43:00Z
47,19,0,2,10,0,1,1,1,31,0.6129032258064516,2018-04-30T18:54:21Z
49,30,10,0,0,0,1,1,1,30,1,2018-04-30T18:00:18Z
50,24,0,3,0,0,1,1,1,27,0.8888888888888888,2018-04-30T18:58:45Z
52,7,1,2,18,0,1,1,1,27,0.25925925925925924,2018-04-30T18:45:49Z
53,3,0,1,23,0,1,1,1,27,0.1111111111111111,2018-04-30T17:08:17Z
55,2,0,3,22,0,1,1,1,27,0.07407407407407407,2018-04-30T19:01:53Z
56,2,0,3,22,0,1,1,1,27,0.07407407407407407,2018-04-30T19:19:04Z
58,12,0,6,13,0,1,1,1,31,0.3870967741935484,2018-04-30T19:15:25Z
59,25,0,0,2,0,1,1,1,27,0.9259259259259259,2018-04-30T19:15:41Z
60,18,0,0,13,0,1,1,1,31,0.5806451612903226,2018-04-30T19:07:48Z
61,18,1,1,8,0,1,1,1,27,0.6666666666666666,2018-04-30T19:10:36Z
62,9,0,3,3,0,1,1,1,15,0.6,2018-04-30T19:17:44Z
63,17,3,2,0,0,1,1,1,19,0.8947368421052632,2018-04-30T17:32:42Z
64,27,3,0,0,0,1,1,1,27,1,2018-04-30T16:34:04Z
66,34,3,0,5,0,1,1,1,39,0.8717948717948718,2018-04-30T19:07:47Z
67,7,0,0,16,0,1,1,1,23,0.30434782608695654,2018-04-30T18:46:55Z
70,0,0,1,25,1,1,1,1,27,0,2018-04-30T19:18:13Z
71,4,0,1,22,0,1,1,1,27,0.14814814814814814,2018-04-30T19:15:32Z
72,1,0,1,25,0,1,1,1,27,0.037037037037037035,2018-04-30T17:46:50Z
73,0,0,2,25,0,1,1,1,27,0,2018-04-30T15:49:08Z
75,1,0,5,29,0,1,1,1,35,0.02857142857142857,2018-04-30T19:09:33Z
76,0,0,5,14,0,1,1,1,19,0,2018-04-30T19:17:56Z
77,15,0,2,2,0,1,1,1,19,0.7894736842105263,2018-04-30T19:13:01Z
78,14,0,1,12,0,1,1,1,27,0.5185185185185185,2018-04-30T19:12:41Z
79,23,0,0,0,0,1,1,1,23,1,2018-04-30T18:40:41Z
80,24,1,0,7,0,1,1,1,31,0.7741935483870968,2018-04-30T19:06:37Z
81,32,4,1,2,0,1,1,1,35,0.9142857142857143,2018-04-30T19:04:41Z
84,0,0,1,18,0,1,1,1,19,0,2018-04-30T16:03:08Z
85,0,0,5,22,0,1,1,1,27,0,2018-04-30T14:47:35Z
86,1,1,2,16,0,1,1,1,19,0.05263157894736842,2018-04-30T19:06:19Z
88,25,3,0,2,0,1,1,1,27,0.9259259259259259,2018-04-30T18:29:20Z
89,23,1,0,4,0,1,1,1,27,0.8518518518518519,2018-04-30T19:14:33Z
90,25,1,0,2,0,1,1,1,27,0.9259259259259259,2018-04-30T19:12:29Z
93,23,2,1,3,0,1,1,1,27,0.8518518518518519,2018-04-30T19:18:50Z
95,1,0,2,12,0,1,1,1,13,0.07692307692307693,2018-04-30T19:16:07Z
96,2,0,1,16,0,1,1,1,19,0.10526315789473684,2018-04-30T17:35:38Z
97,1,0,0,18,0,1,1,1,19,0.05263157894736842,2018-04-30T18:50:18Z
98,2,0,1,20,0,1,1,1,23,0.08695652173913043,2018-04-30T18:44:36Z
99,0,0,1,18,0,1,1,1,19,0,2018-04-30T18:42:33Z
100,8,0,0,11,0,1,1,1,19,0.42105263157894735,2018-04-30T18:55:36Z
101,1,0,1,25,0,1,1,1,27,0.037037037037037035,2018-04-30T17:32:18Z
102,16,0,1,10,0,1,1,1,27,0.5925925925925926,2018-04-30T19:17:43Z
105,0,0,1,18,0,1,1,1,19,0,2018-04-30T18:09:51Z
106,0,0,0,19,0,1,1,1,19,0,2018-04-30T15:22:39Z
107,0,0,3,20,0,1,1,1,23,0,2018-04-30T19:05:46Z
108,1,0,0,10,0,1,1,1,11,0.09090909090909091,2018-04-30T19:01:14Z
109,0,0,1,22,0,1,1,1,23,0,2018-04-30T18:59:03Z
110,1,0,1,21,0,1,1,1,23,0.043478260869565216,2018-04-30T18:10:53Z
112,5,0,0,14,0,1,1,1,19,0.2631578947368421,2018-04-30T18:47:02Z
113,1,0,0,18,0,1,1,1,19,0.05263157894736842,2018-04-30T18:34:13Z
114,1,0,3,15,0,1,1,1,19,0.05263157894736842,2018-04-30T18:46:33Z
115,14,0,1,12,0,1,1,1,27,0.5185185185185185,2018-04-30T16:59:58Z
116,10,2,1,20,0,1,1,1,31,0.3225806451612903,2018-04-30T19:18:42Z
118,0,0,3,16,0,1,1,1,19,0,2018-04-30T14:32:16Z
119,0,0,1,14,0,1,1,1,15,0,2018-04-30T15:16:56Z
120,14,0,4,9,0,1,1,1,27,0.5185185185185185,2018-04-30T19:07:11Z
121,6,0,3,14,0,1,1,1,23,0.2608695652173913,2018-04-30T18:16:47Z
122,3,0,2,14,0,1,1,1,19,0.15789473684210525,2018-04-30T18:00:43Z
123,4,0,0,15,0,1,1,1,19,0.21052631578947367,2018-04-30T18:53:46Z
124,15,0,1,3,0,1,1,1,19,0.7894736842105263,2018-04-30T18:33:55Z
125,0,0,0,15,0,1,1,1,15,0,2018-04-30T19:16:14Z
126,11,0,5,15,0,1,1,1,31,0.3548387096774194,2018-04-30T19:06:59Z
127,4,0,3,16,0,1,1,1,23,0.17391304347826086,2018-04-30T18:43:18Z
129,2,0,1,16,0,1,1,1,19,0.10526315789473684,2018-04-30T19:10:43Z
130,26,0,0,5,0,1,1,1,31,0.8387096774193549,2018-04-30T19:16:31Z
132,5,1,1,13,0,1,1,1,19,0.2631578947368421,2018-04-30T18:46:41Z
133,2,0,2,19,0,1,1,1,23,0.08695652173913043,2018-04-30T16:29:27Z
134,15,2,0,8,0,1,1,1,23,0.6521739130434783,2018-04-30T19:18:37Z
137,5,0,4,10,0,1,1,1,19,0.2631578947368421,2018-04-30T18:58:16Z
138,4,0,0,15,0,1,1,1,19,0.21052631578947367,2018-04-30T18:51:46Z
139,5,0,6,12,0,1,1,1,23,0.21739130434782608,2018-04-30T19:06:45Z
140,3,0,0,12,0,1,1,1,15,0.2,2018-04-30T17:09:42Z
141,1,0,2,16,0,1,1,1,19,0.05263157894736842,2018-04-30T18:39:22Z
144,4,0,2,9,0,1,1,1,15,0.26666666666666666,2018-04-30T18:23:51Z
145,5,0,1,9,0,1,1,1,15,0.3333333333333333,2018-04-30T17:47:35Z
146,6,0,0,9,0,1,1,1,15,0.4,2018-04-30T18:19:06Z
147,10,0,1,8,0,1,1,1,14,0.7142857142857143,2018-04-30T19:11:10Z
223,3,0,1,15,0,1,1,1,19,0.15789473684210525,2018-04-30T18:52:45Z
284,19,3,0,0,0,1,1,1,19,1,2018-04-30T18:13:06Z
285,2,0,4,21,0,1,1,1,27,0.07407407407407407,2018-04-30T19:04:10Z
321,15,1,1,15,0,1,1,1,31,0.4838709677419355,2018-04-30T19:08:19Z
323,9,1,1,9,0,1,1,1,19,0.47368421052631576,2018-04-30T19:17:59Z
324,2,0,2,23,0,1,1,1,27,0.07407407407407407,2018-04-30T19:14:28Z
336,7,0,0,20,0,1,1,1,27,0.25925925925925924,2018-04-30T19:11:52Z
343,26,2,1,0,0,1,1,1,27,0.9629629629629629,2018-04-30T16:35:12Z
345,6,0,1,20,0,1,1,1,27,0.2222222222222222,2018-04-30T18:39:49Z
